PDB	resid@PH	pKa/Em	n(slope)	1000*chi2	vdw0	vdw1	tors	ebkb	dsol	offset	pHpK0	EhEm0	-TS	residues	total
135L	TYR-A0003_	8888.0			0.0	0.0	0.0	1.79	3.38	-0.37	-3.8	0.0	0.04	1.99	3.03
135L	ARG+A0021_	8888.0			-0.01	-0.0	-0.0	-1.49	0.69	0.0	1.5	0.0	0.22	-1.29	-0.38
135L	TYR-A0053_	8888.0			0.0	0.0	0.0	-1.66	3.56	-0.37	-3.8	0.0	0.0	8.02	5.76
1A2P	TYR-A0013_	8888.0			0.0	0.0	0.0	-0.43	2.94	-0.37	-3.8	0.0	0.3	3.02	1.66
1A2P	HIS+A0018_	-8888.0			-0.0	0.16	0.02	-0.21	1.1	-0.73	-6.98	0.0	-0.0	11.18	4.53
1A2P	TYR-A0024_	8888.0			0.0	0.0	0.0	2.45	9.09	-0.37	-3.8	0.0	0.01	3.07	10.46
1A2P	ARG+A0069_	8888.0			-0.01	-0.0	0.0	1.52	1.21	0.0	1.5	0.0	0.29	-4.47	0.04
1A2P	ARG+A0072_	8888.0			-0.01	-0.0	0.0	-0.19	-0.07	0.0	1.5	0.0	0.38	-1.33	0.28
1A2P	ASP-A0075_	-8888.0			-0.0	-0.01	-0.25	-3.01	6.91	-0.62	4.75	0.0	0.31	-12.64	-4.57
1A2P	TYR-A0078_	8888.0			0.0	0.0	0.0	-0.32	5.77	-0.37	-3.8	0.0	0.03	1.08	2.39
1A2P	ARG+A0083_	8888.0			-0.0	-0.0	0.0	1.79	1.55	0.0	1.5	0.0	0.3	-8.09	-2.95
1A2P	ARG+A0087_	8888.0			-0.0	-0.0	0.0	0.65	2.37	0.0	1.5	0.0	0.12	-8.64	-4.01
1A2P	TYR-A0090_	8888.0			0.0	0.0	0.0	-1.16	4.48	-0.37	-3.8	0.0	0.25	1.27	0.67
1A2P	ASP-A0093_	-8888.0			-0.01	0.0	-0.25	-1.84	3.68	-0.62	4.75	0.0	0.0	-6.16	-0.45
1A2P	TYR-A0103_	8888.0			0.0	0.0	-0.0	-1.92	3.11	-0.37	-3.8	0.0	0.12	4.8	1.94
1A2P	ARG+A0110_	8888.0			-0.01	-0.0	0.0	-0.23	0.54	0.0	1.5	0.0	0.5	-4.86	-2.56
1A2P	_ZN+A0112_	8888.0			0.0	-0.04	0.0	-0.48	-28.96	0.0	0.0	0.0	0.0	-3.26	-32.74
1A2P	TYR-B0024_	8888.0			0.0	0.0	0.0	2.73	8.95	-0.37	-3.8	0.0	0.01	3.41	10.94
1A2P	GLU-B0060_	-8888.0			-0.01	0.0	-0.25	-0.34	1.96	-0.22	4.75	0.0	0.07	-6.64	-0.68
1A2P	ARG+B0069_	8888.0			-0.01	-0.01	0.0	0.41	1.99	0.0	1.5	0.0	0.34	-5.63	-1.41
1A2P	ARG+B0072_	8888.0			-0.01	-0.0	0.0	-0.25	-0.11	0.0	1.5	0.0	0.38	-1.61	-0.1
1A2P	ASP-B0075_	-8888.0			-0.01	-0.0	-0.25	-3.1	6.91	-0.62	4.75	0.0	0.36	-11.27	-3.24
1A2P	TYR-B0078_	8888.0			0.0	0.0	0.0	-0.87	4.93	-0.37	-3.8	0.0	0.02	1.16	1.07
1A2P	ARG+B0083_	8888.0			-0.0	-0.0	0.0	1.85	1.47	0.0	1.5	0.0	0.3	-8.29	-3.18
1A2P	ARG+B0087_	8888.0			-0.0	-0.01	0.0	0.21	2.36	0.0	1.5	0.0	0.3	-9.62	-5.26
1A2P	TYR-B0090_	8888.0			0.0	0.0	0.0	-0.97	4.06	-0.37	-3.8	0.0	0.27	1.34	0.53
1A2P	ASP-B0093_	-8888.0			-0.01	0.0	-0.25	-1.83	3.68	-0.62	4.75	0.0	-0.01	-7.54	-1.82
1A2P	TYR-B0097_	8888.0			0.0	0.0	0.0	-0.42	5.83	-0.37	-3.8	0.0	0.29	1.41	2.95
1A2P	TYR-B0103_	8888.0			0.0	0.0	-0.02	-1.9	2.31	-0.37	-3.8	0.0	0.52	4.54	1.28
1A2P	ARG+B0110_	8888.0			-0.01	0.0	0.0	-0.41	0.43	0.0	1.5	0.0	0.52	-4.77	-2.74
1A2P	_ZN+B0112_	8888.0			0.0	-0.03	0.0	0.14	-24.6	0.0	0.0	0.0	0.0	-4.9	-29.38
1A2P	TYR-C0013_	8888.0			0.0	0.0	0.0	-0.08	2.34	-0.37	-3.8	0.0	0.3	1.93	0.32
1A2P	TYR-C0024_	8888.0			0.0	0.0	0.0	2.58	9.08	-0.37	-3.8	0.0	0.01	2.51	10.02
1A2P	ARG+C0069_	8888.0			-0.0	-0.0	0.0	1.51	1.2	0.0	1.5	0.0	0.32	-5.22	-0.69
1A2P	ARG+C0072_	8888.0			-0.01	-0.0	0.0	-0.41	0.05	0.0	1.5	0.0	0.29	-3.02	-1.6
1A2P	ASP-C0075_	-8888.0			-0.0	-0.07	-0.25	-2.93	7.07	-0.62	4.75	0.0	0.36	-12.47	-4.17
1A2P	TYR-C0078_	8888.0			0.0	0.0	0.0	-0.72	5.67	-0.37	-3.8	0.0	0.03	1.1	1.92
1A2P	ARG+C0083_	8888.0			-0.01	-0.0	0.0	1.74	1.9	0.0	1.5	0.0	0.19	-8.19	-2.86
1A2P	ARG+C0087_	8888.0			-0.0	-0.0	0.0	0.63	2.25	0.0	1.5	0.0	0.1	-8.21	-3.74
1A2P	TYR-C0090_	8888.0			0.0	0.0	0.0	-1.47	4.51	-0.37	-3.8	0.0	0.0	2.47	1.34
1A2P	ASP-C0093_	-8888.0			-0.01	0.0	-0.25	-2.01	3.45	-0.62	4.75	0.0	0.0	-6.44	-1.13
1A2P	TYR-C0103_	8888.0			0.0	0.0	-0.02	-1.84	2.88	-0.37	-3.8	0.0	0.52	5.6	2.97
1A2P	ARG+C0110_	8888.0			-0.01	-0.0	0.0	-0.2	0.24	0.0	1.5	0.0	0.55	-5.08	-3.01
1A6K	HIS+A0024_	-8888.0			-0.0	-0.0	0.0	0.05	4.12	-0.73	-6.98	0.0	0.0	105.74	102.18
1A6K	ARG+A0031_	8888.0			-0.0	-0.0	-0.0	0.1	-0.1	0.0	1.5	0.0	0.57	-3.11	-1.05
1A6K	ARG+A0045_	8888.0			-0.0	-0.0	0.0	0.5	1.03	0.0	1.5	0.0	0.33	-4.98	-1.62
1A6K	GLU-A0052_	-8888.0			-0.02	0.0	-0.0	-0.29	1.05	-0.22	4.75	0.0	0.33	-6.76	-1.17
1A6K	ASP-A0060_	-8888.0			-0.0	-0.02	-0.22	-1.1	1.93	-0.62	4.75	0.0	0.36	-5.34	-0.27
1A6K	HIS+A0064_	-8888.0			0.0	0.01	0.0	1.26	2.85	-0.73	-6.98	0.0	-0.22	9.87	6.04
1A6K	ARG+A0118_	8888.0			-0.01	-0.0	0.0	0.13	0.89	0.0	1.5	0.0	0.46	-4.55	-1.58
1A6K	TYR-A0146_	8888.0			0.0	0.0	0.0	1.42	7.76	-0.37	-3.8	0.0	0.01	0.82	5.84
1A6K	TYR-A0151_	8888.0			0.0	0.0	0.0	-0.1	3.24	-0.37	-3.8	0.0	0.0	1.35	0.33
1A6K	HEM+A0154_	-8888.0			0.0	0.0	0.0	1.29	-2.66	0.0	0.0	-3.79	0.0	2.57	-2.58
1A6M	HIS+A0024_	-8888.0			-0.0	0.03	0.0	-0.06	4.1	-0.73	-6.98	0.0	0.2	105.85	102.41
1A6M	ARG+A0031_	8888.0			0.0	-0.0	0.0	0.08	-0.11	0.0	1.5	0.0	0.58	-3.16	-1.1
1A6M	ARG+A0045_	8888.0			-0.0	-0.0	0.0	0.46	0.97	0.0	1.5	0.0	0.32	-5.04	-1.8
1A6M	GLU-A0052_	-8888.0			-0.02	0.0	-0.0	-0.28	0.92	-0.22	4.75	0.0	0.29	-6.93	-1.49
1A6M	ASP-A0060_	-8888.0			-0.0	-0.04	-0.21	-1.08	1.98	-0.62	4.75	0.0	0.47	-5.57	-0.32
1A6M	HIS+A0064_	-8888.0			-0.0	0.28	0.0	1.25	3.14	-0.73	-6.98	0.0	-0.19	4.96	1.73
1A6M	ARG+A0118_	8888.0			-0.01	-0.0	0.0	0.13	0.53	0.0	1.5	0.0	0.49	-4.46	-1.82
1A6M	TYR-A0146_	8888.0			0.0	0.0	0.0	1.1	7.89	-0.37	-3.8	0.0	0.01	0.53	5.36
1A6M	TYR-A0151_	8888.0			0.0	0.0	0.0	-0.15	3.39	-0.37	-3.8	0.0	0.07	1.66	0.81
1ANS	TYR-A0018_	8888.0			0.0	0.0	0.0	2.34	1.8	-0.37	-3.8	0.0	0.0	1.34	1.31
1B2V	TYR-A0007_	8888.0			0.0	0.0	-0.01	-0.6	2.91	-0.37	-3.8	0.0	0.17	2.94	1.24
1B2V	TYR-A0019_	8888.0			0.0	0.0	-0.01	-1.3	6.09	-0.37	-3.8	0.0	0.16	7.31	8.08
1B2V	TYR-A0055_	8888.0			0.0	0.0	0.0	2.94	9.36	-0.37	-3.8	0.0	0.02	2.63	10.79
1B2V	TYR-A0075_	-8888.0			0.04	-0.29	-0.04	-2.89	9.16	-0.37	10.2	0.0	-0.02	-26.65	-10.86
1B2V	HIS+A0133_	-8888.0			-0.0	0.35	0.0	3.92	2.64	-0.73	-6.98	0.0	-0.2	1.97	0.96
1B2V	TYR-A0137_	8888.0			0.0	0.0	-0.01	3.77	3.0	-0.37	-3.8	0.0	0.3	4.06	6.95
1B2V	HEM+A0200_	8888.0			0.0	0.0	0.0	0.05	4.53	0.0	0.0	-3.79	0.0	-20.72	-19.93
1B2X	TYR-A0013_	8888.0			0.0	0.0	0.0	-0.53	3.01	-0.37	-3.8	0.0	0.27	3.29	1.88
1B2X	TYR-A0024_	8888.0			0.0	0.0	0.0	2.75	9.03	-0.37	-3.8	0.0	0.01	3.12	10.75
1B2X	ARG+A0069_	8888.0			-0.0	-0.0	0.0	1.51	1.24	0.0	1.5	0.0	0.32	-4.53	0.03
1B2X	ASP-A0075_	-8888.0			-0.0	-0.04	-0.25	-2.49	7.5	-0.62	4.75	0.0	0.17	-12.04	-3.03
1B2X	TYR-A0078_	8888.0			0.0	0.0	0.0	-0.25	6.48	-0.37	-3.8	0.0	0.03	1.33	3.41
1B2X	ARG+A0083_	8888.0			-0.0	-0.0	0.0	1.72	1.71	0.0	1.5	0.0	0.29	-8.02	-2.8
1B2X	ARG+A0087_	8888.0			-0.0	-0.0	0.0	0.13	2.38	0.0	1.5	0.0	0.33	-9.88	-5.55
1B2X	TYR-A0090_	8888.0			0.0	0.0	0.0	-1.58	4.89	-0.37	-3.8	0.0	0.0	1.9	1.05
1B2X	ASP-A0093_	-8888.0			-0.01	0.01	-0.3	-2.34	4.02	-0.62	4.75	0.0	0.24	-5.8	-0.06
1B2X	TYR-A0103_	8888.0			0.0	0.0	0.0	-1.87	3.12	-0.37	-3.8	0.0	0.0	5.57	2.65
1B2X	ARG+A0110_	8888.0			-0.01	-0.0	0.0	-0.17	0.94	0.0	1.5	0.0	0.37	-4.05	-1.41
1B2X	TYR-B0024_	8888.0			0.0	0.0	0.0	3.13	9.0	-0.37	-3.8	0.0	0.01	3.32	11.28
1B2X	ARG+B0069_	8888.0			-0.01	-0.0	0.0	0.07	2.08	0.0	1.5	0.0	0.32	-5.3	-1.34
1B2X	ASP-B0075_	-8888.0			-0.01	0.0	-0.25	-2.86	6.74	-0.62	4.75	0.0	0.18	-10.63	-2.7
1B2X	TYR-B0078_	8888.0			0.0	0.0	0.0	-0.58	5.09	-0.37	-3.8	0.0	0.02	1.4	1.76
1B2X	ARG+B0083_	8888.0			-0.01	-0.0	0.0	1.69	1.65	0.0	1.5	0.0	0.25	-8.04	-2.96
1B2X	ARG+B0087_	8888.0			-0.0	-0.0	0.0	0.35	2.53	0.0	1.5	0.0	0.15	-8.65	-4.13
1B2X	TYR-B0090_	8888.0			0.0	0.0	0.0	-1.24	4.65	-0.37	-3.8	0.0	0.24	1.43	0.92
1B2X	ASP-B0093_	-8888.0			-0.02	0.02	-0.25	-2.08	3.94	-0.62	4.75	0.0	0.17	-6.93	-1.03
1B2X	TYR-B0097_	8888.0			0.0	0.0	0.0	-0.97	5.59	-0.37	-3.8	0.0	0.0	1.69	2.15
1B2X	TYR-B0103_	8888.0			0.0	0.0	0.0	-1.86	3.4	-0.37	-3.8	0.0	0.0	5.1	2.49
1B2X	ARG+B0110_	8888.0			-0.01	-0.0	-0.0	-0.38	0.53	0.0	1.5	0.0	0.48	-4.98	-2.86
1B2X	HIS+C0018_	-8888.0			-0.0	-0.0	0.0	-1.24	1.36	-0.73	-6.98	0.0	0.0	53.66	46.05
1B2X	TYR-C0024_	8888.0			0.0	0.0	0.0	2.06	9.06	-0.37	-3.8	0.0	0.01	3.25	10.21
1B2X	ASP-C0054_	-8888.0			-0.0	-0.02	-0.24	-3.43	3.27	-0.62	4.75	0.0	0.09	-4.01	-0.22
1B2X	ARG+C0069_	8888.0			-0.0	-0.0	0.0	1.56	1.27	0.0	1.5	0.0	0.33	-4.35	0.3
1B2X	ARG+C0072_	8888.0			-0.01	-0.0	0.0	-0.45	0.21	0.0	1.5	0.0	0.26	-3.32	-1.81
1B2X	ASP-C0075_	-8888.0			-0.0	-0.02	-0.25	-3.28	7.69	-0.62	4.75	0.0	0.17	-12.35	-3.91
1B2X	TYR-C0078_	8888.0			0.0	0.0	0.0	0.04	6.1	-0.37	-3.8	0.0	0.01	1.34	3.32
1B2X	ARG+C0083_	8888.0			-0.01	-0.0	-0.0	1.87	1.88	0.0	1.5	0.0	0.24	-8.89	-3.42
1B2X	ARG+C0087_	8888.0			-0.0	-0.01	0.0	0.26	2.33	0.0	1.5	0.0	0.3	-9.52	-5.14
1B2X	TYR-C0090_	8888.0			0.0	0.0	0.0	-0.95	4.84	-0.37	-3.8	0.0	0.24	2.6	2.56
1B2X	ASP-C0093_	-8888.0			-0.01	0.01	-0.27	-2.14	3.63	-0.62	4.75	0.0	0.07	-6.11	-0.7
1B2X	TYR-C0103_	8888.0			0.0	0.0	0.0	-2.04	2.79	-0.37	-3.8	0.0	0.0	5.46	2.05
1B2X	ARG+C0110_	8888.0			-0.01	-0.0	0.0	-0.24	0.51	0.0	1.5	0.0	0.35	-4.46	-2.35
1B2X	_ZN+C0384_	8888.0			0.0	-0.11	0.0	-3.07	-21.14	0.0	0.0	0.0	0.0	2.0	-22.32
1BEG	TYR-A0033_	8888.0			0.0	0.0	0.0	-0.38	3.34	-0.37	-3.8	0.0	0.0	1.65	0.44
1BEO	TYR-A0033_	8888.0			0.0	0.0	0.0	0.09	7.6	-0.37	-3.8	0.0	0.05	1.42	4.99
1BEO	TYR-A0087_	8888.0			0.0	0.0	0.0	-2.15	7.84	-0.37	-3.8	0.0	0.14	3.19	4.85
1BHC	ARG+A0001_	8888.0			-0.01	-0.0	0.0	-0.78	0.87	0.0	1.5	0.0	0.22	-1.81	-0.02
1BHC	ARG+A0020_	8888.0			-0.01	-0.0	-0.0	2.73	3.15	0.0	1.5	0.0	0.26	-10.86	-3.23
1BHC	TYR-A0021_	8888.0			0.0	0.0	0.0	-3.52	3.46	-0.37	-3.8	0.0	0.0	8.58	4.36
1BHC	TYR-A0023_	8888.0			0.0	0.0	0.0	-0.37	3.87	-0.37	-3.8	0.0	0.0	0.86	0.19
1BHC	GLU-A0049_	-8888.0			-0.02	0.01	-0.25	-4.05	7.07	-0.22	4.75	0.0	0.25	-17.21	-9.67
1BHC	ASP-A0050_	-8888.0			-0.0	-0.1	-0.24	-9.93	9.1	-0.62	4.75	0.0	0.04	-3.67	-0.67
1BHC	ARG+A0053_	8888.0			-0.01	-0.0	0.0	0.06	2.17	0.0	1.5	0.0	0.17	-6.47	-2.58
1BHC	ARG+B0001_	8888.0			-0.01	-0.0	0.0	-0.84	0.56	0.0	1.5	0.0	0.25	-1.98	-0.52
1BHC	ARG+B0020_	8888.0			-0.0	-0.0	0.0	2.74	2.76	0.0	1.5	0.0	0.06	-10.94	-3.88
1BHC	TYR-B0021_	8888.0			0.0	0.0	0.0	-3.79	3.76	-0.37	-3.8	0.0	0.0	8.55	4.36
1BHC	ARG+B0042_	8888.0			-0.01	-0.0	-0.0	-0.89	0.96	0.0	1.5	0.0	0.39	-1.76	0.18
1BHC	GLU-B0049_	-8888.0			-0.01	0.01	-0.24	-3.62	6.68	-0.22	4.75	0.0	0.16	-17.33	-9.83
1BHC	ASP-B0050_	8888.0			-0.0	-0.11	-0.24	-9.92	9.08	-0.62	-9.25	0.0	0.07	3.67	-7.32
1BHC	ARG+B0053_	8888.0			-0.01	-0.0	0.0	0.18	1.67	0.0	1.5	0.0	0.17	-5.95	-2.44
1BHC	ARG+C0001_	8888.0			-0.01	-0.0	0.0	-0.89	0.76	0.0	1.5	0.0	0.18	-2.35	-0.81
1BHC	ARG+C0020_	8888.0			-0.01	-0.0	0.0	2.66	2.96	0.0	1.5	0.0	0.3	-10.35	-2.93
1BHC	TYR-C0021_	8888.0			0.0	0.0	0.0	-4.14	4.75	-0.37	-3.8	0.0	0.0	10.2	6.64
1BHC	GLU-C0049_	-8888.0			-0.03	0.01	-0.24	-5.47	7.53	-0.22	4.75	0.0	0.24	-16.9	-10.34
1BHC	ASP-C0050_	8888.0			-0.0	-0.12	-0.25	-10.56	9.05	-0.62	-9.25	0.0	0.0	-3.57	-15.32
1BHC	ARG+C0053_	8888.0			-0.01	-0.0	-0.0	0.39	2.66	0.0	1.5	0.0	0.1	-8.29	-3.64
1BHC	ARG+D0001_	8888.0			-0.01	-0.0	0.0	-0.81	0.61	0.0	1.5	0.0	0.3	-2.44	-0.85
1BHC	ARG+D0020_	8888.0			-0.01	-0.0	-0.0	2.79	2.82	0.0	1.5	0.0	0.3	-11.01	-3.6
1BHC	TYR-D0021_	8888.0			0.0	0.0	0.0	-3.33	3.06	-0.37	-3.8	0.0	0.0	8.58	4.15
1BHC	ARG+D0042_	8888.0			-0.01	-0.0	0.0	-0.8	0.87	0.0	1.5	0.0	0.46	-1.91	0.11
1BHC	GLU-D0049_	-8888.0			-0.01	0.0	-0.25	-3.05	6.54	-0.22	4.75	0.0	0.14	-15.91	-8.01
1BHC	ASP-D0050_	-8888.0			-0.01	0.01	-0.25	-11.0	8.89	-0.62	4.75	0.0	0.0	6.11	7.88
1BHC	ARG+D0053_	8888.0			-0.01	-0.0	0.0	0.07	2.1	0.0	1.5	0.0	0.15	-5.64	-1.83
1BHC	ARG+E0001_	8888.0			-0.01	-0.0	0.0	-0.83	0.73	0.0	1.5	0.0	0.2	-2.14	-0.55
1BHC	ARG+E0020_	8888.0			-0.01	-0.0	0.0	2.54	2.8	0.0	1.5	0.0	0.18	-11.34	-4.34
1BHC	TYR-E0021_	8888.0			0.0	0.0	0.0	-4.17	5.43	-0.37	-3.8	0.0	0.0	10.36	7.46
1BHC	ARG+E0042_	8888.0			-0.01	-0.0	0.0	-0.9	0.52	0.0	1.5	0.0	0.45	-2.18	-0.61
1BHC	GLU-E0049_	-8888.0			-0.01	0.0	-0.25	-3.87	7.16	-0.22	4.75	0.0	0.14	-17.16	-9.45
1BHC	ASP-E0050_	-8888.0			-0.0	-0.1	-0.25	-10.52	9.33	-0.62	4.75	0.0	0.0	-10.83	-8.23
1BHC	ARG+E0053_	8888.0			-0.01	-0.0	0.0	0.22	2.08	0.0	1.5	0.0	0.15	-6.93	-2.99
1BHC	ARG+F0001_	8888.0			-0.01	-0.0	0.0	-0.82	0.84	0.0	1.5	0.0	0.2	-1.83	-0.12
1BHC	ARG+F0020_	8888.0			-0.01	-0.0	0.0	2.75	3.14	0.0	1.5	0.0	0.31	-10.55	-2.86
1BHC	TYR-F0021_	8888.0			0.0	0.0	0.0	-3.84	5.58	-0.37	-3.8	0.0	0.01	8.51	6.08
1BHC	TYR-F0023_	8888.0			0.0	0.0	0.0	-0.06	3.8	-0.37	-3.8	0.0	0.29	0.62	0.48
1BHC	ARG+F0042_	8888.0			-0.01	-0.0	0.0	-0.91	0.85	0.0	1.5	0.0	0.38	-1.7	0.1
1BHC	LYS+F0046_	-8888.0			-0.0	-0.0	0.0	2.79	2.35	0.29	-10.4	0.0	0.0	5.23	0.25
1BHC	GLU-F0049_	-8888.0			-0.05	0.01	-0.24	-4.02	6.7	-0.22	4.75	0.0	0.36	-16.45	-9.17
1BHC	ASP-F0050_	8888.0			-0.0	-0.11	-0.25	-9.92	9.08	-0.62	-9.25	0.0	0.0	-1.77	-12.85
1BHC	ARG+F0053_	8888.0			-0.01	-0.0	0.0	0.05	2.03	0.0	1.5	0.0	0.17	-6.38	-2.65
1BHC	ARG+G0001_	8888.0			-0.01	-0.0	0.0	-0.83	0.82	0.0	1.5	0.0	0.25	-2.3	-0.58
1BHC	ARG+G0020_	8888.0			-0.0	-0.0	0.0	2.83	2.95	0.0	1.5	0.0	0.06	-11.66	-4.32
1BHC	TYR-G0021_	8888.0			0.0	0.0	0.0	-4.09	4.91	-0.37	-3.8	0.0	0.0	9.55	6.22
1BHC	ARG+G0042_	8888.0			-0.01	-0.0	0.0	-0.95	0.84	0.0	1.5	0.0	0.39	-1.73	0.04
1BHC	GLU-G0049_	-8888.0			-0.01	0.0	-0.25	-3.73	7.24	-0.22	4.75	0.0	0.13	-15.93	-8.02
1BHC	ASP-G0050_	-8888.0			-0.0	-0.11	-0.25	-10.09	8.9	-0.62	4.75	0.0	0.0	-8.39	-5.81
1BHC	ARG+G0053_	8888.0			-0.01	-0.0	0.0	0.26	1.88	0.0	1.5	0.0	0.2	-6.74	-2.92
1BHC	ARG+H0001_	8888.0			-0.01	-0.0	0.0	-0.73	0.53	0.0	1.5	0.0	0.28	-2.45	-0.89
1BHC	ARG+H0020_	8888.0			-0.01	-0.0	0.0	2.63	2.86	0.0	1.5	0.0	0.3	-11.46	-4.19
1BHC	TYR-H0021_	8888.0			0.0	0.0	0.0	-3.35	3.13	-0.37	-3.8	0.0	0.0	8.45	4.06
1BHC	ARG+H0042_	8888.0			-0.01	-0.0	0.0	-0.79	0.85	0.0	1.5	0.0	0.47	-1.95	0.08
1BHC	GLU-H0049_	-8888.0			-0.01	0.0	-0.25	-2.87	6.3	-0.22	4.75	0.0	0.04	-16.61	-8.87
1BHC	ARG+H0053_	8888.0			-0.01	-0.0	-0.0	-0.01	2.07	0.0	1.5	0.0	0.14	-6.76	-3.07
1BHC	ARG+I0001_	8888.0			-0.01	-0.0	0.0	-0.75	0.87	0.0	1.5	0.0	0.21	-1.89	-0.06
1BHC	ARG+I0020_	8888.0			-0.01	-0.0	-0.0	2.41	3.38	0.0	1.5	0.0	0.03	-10.34	-3.02
1BHC	TYR-I0021_	8888.0			0.0	0.0	0.0	-4.23	5.51	-0.37	-3.8	0.0	0.0	10.76	7.88
1BHC	TYR-I0023_	8888.0			0.0	0.0	0.0	-0.5	3.77	-0.37	-3.8	0.0	0.0	0.95	0.06
1BHC	ARG+I0042_	8888.0			-0.01	-0.0	0.0	-1.0	0.79	0.0	1.5	0.0	0.44	-1.79	-0.06
1BHC	GLU-I0049_	-8888.0			-0.01	0.0	-0.25	-4.05	7.27	-0.22	4.75	0.0	0.17	-17.14	-9.48
1BHC	ASP-I0050_	-8888.0			-0.0	-0.1	-0.25	-10.63	9.25	-0.62	4.75	0.0	0.0	-12.49	-10.1
1BHC	ARG+I0053_	8888.0			-0.01	-0.0	0.0	0.21	2.06	0.0	1.5	0.0	0.19	-6.65	-2.69
1BHC	ARG+J0001_	8888.0			-0.01	-0.0	0.0	-0.75	0.81	0.0	1.5	0.0	0.16	-2.02	-0.31
1BHC	ARG+J0020_	8888.0			-0.01	-0.0	0.0	2.64	3.32	0.0	1.5	0.0	0.03	-11.01	-3.54
1BHC	TYR-J0021_	8888.0			0.0	0.0	0.0	-3.83	5.42	-0.37	-3.8	0.0	0.0	9.04	6.46
1BHC	ARG+J0042_	8888.0			-0.01	-0.0	0.0	-0.86	0.53	0.0	1.5	0.0	0.45	-1.83	-0.21
1BHC	GLU-J0049_	-8888.0			-0.03	0.01	-0.25	-4.7	7.39	-0.22	4.75	0.0	0.29	-18.0	-10.77
1BHC	ASP-J0050_	8888.0			-0.01	0.01	-0.25	-11.37	8.78	-0.62	-9.25	0.0	0.0	14.67	1.96
1BHC	ARG+J0053_	8888.0			-0.01	-0.01	-0.0	0.31	2.81	0.0	1.5	0.0	0.08	-6.66	-1.98
1BI6	TYR-H0006_	8888.0			0.0	0.0	0.0	0.25	1.59	-0.37	-3.8	0.0	0.0	4.0	1.68
1BI6	TYR-H0011_	8888.0			0.0	0.0	0.0	-2.37	7.41	-0.37	-3.8	0.0	0.0	4.67	5.55
1BI6	ARG+L0011_	8888.0			-0.01	-0.0	0.0	-0.02	-0.2	0.0	1.5	0.0	0.58	-2.73	-0.87
1BNI	TYR-A0013_	8888.0			0.0	0.0	0.0	-0.0	2.75	-0.37	-3.8	0.0	0.3	2.77	1.65
1BNI	TYR-A0024_	8888.0			0.0	0.0	0.0	1.75	9.09	-0.37	-3.8	0.0	0.01	2.27	8.96
1BNI	ARG+A0069_	8888.0			-0.0	-0.0	0.0	1.75	1.35	0.0	1.5	0.0	0.31	-4.62	0.28
1BNI	ASP-A0075_	-8888.0			-0.01	0.0	-0.25	-3.07	7.35	-0.62	4.75	0.0	0.21	-12.36	-4.0
1BNI	TYR-A0078_	8888.0			0.0	0.0	0.0	-0.32	5.17	-0.37	-3.8	0.0	0.04	1.2	1.92
1BNI	ARG+A0083_	8888.0			-0.0	-0.0	0.0	1.62	1.59	0.0	1.5	0.0	0.3	-8.69	-3.68
1BNI	ARG+A0087_	8888.0			-0.0	-0.01	0.0	-0.01	2.65	0.0	1.5	0.0	0.29	-8.76	-4.34
1BNI	TYR-A0090_	8888.0			0.0	0.0	0.0	-1.64	4.47	-0.37	-3.8	0.0	0.0	1.91	0.57
1BNI	ASP-A0093_	-8888.0			-0.03	0.01	-0.25	-2.49	3.76	-0.62	4.75	0.0	0.03	-5.97	-0.81
1BNI	TYR-A0103_	8888.0			0.0	0.0	-0.01	-1.81	2.58	-0.37	-3.8	0.0	0.29	6.07	2.96
1BNI	ARG+A0110_	8888.0			-0.01	-0.0	-0.0	0.01	0.51	0.0	1.5	0.0	0.47	-3.86	-1.37
1BNI	TYR-B0013_	8888.0			0.0	0.0	-0.01	0.08	2.5	-0.37	-3.8	0.0	0.47	2.49	1.36
1BNI	TYR-B0024_	8888.0			0.0	0.0	0.0	3.71	9.04	-0.37	-3.8	0.0	0.0	2.71	11.29
1BNI	ARG+B0059_	-8888.0			73.99	0.0	0.0	7.21	1.27	0.0	-12.5	0.0	0.0	0.44	70.4
1BNI	ARG+B0069_	8888.0			-0.01	0.34	0.0	1.7	1.99	0.0	1.5	0.0	0.27	-7.36	-1.57
1BNI	ASP-B0075_	-8888.0			-0.01	0.0	-0.25	-2.8	6.97	-0.62	4.75	0.0	0.23	-11.19	-2.93
1BNI	TYR-B0078_	8888.0			0.0	0.0	0.0	-0.78	4.76	-0.37	-3.8	0.0	0.02	1.18	1.01
1BNI	ARG+B0083_	8888.0			-0.0	-0.0	0.0	1.61	1.41	0.0	1.5	0.0	0.43	-8.95	-4.0
1BNI	ARG+B0087_	8888.0			-0.0	-0.0	0.0	0.12	2.39	0.0	1.5	0.0	0.13	-12.19	-8.06
1BNI	TYR-B0090_	8888.0			0.0	0.0	0.0	-1.47	4.78	-0.37	-3.8	0.0	0.0	1.92	1.07
1BNI	ASP-B0093_	-8888.0			-0.01	0.01	-0.25	-2.61	4.78	-0.62	4.75	0.0	0.03	-8.38	-2.3
1BNI	TYR-B0097_	8888.0			0.0	0.0	0.0	-0.95	6.19	-0.37	-3.8	0.0	0.0	2.24	3.32
1BNI	ARG+B0110_	8888.0			-0.0	-0.0	0.0	-0.38	0.82	0.0	1.5	0.0	0.3	-3.58	-1.35
1BNI	TYR-C0013_	8888.0			0.0	0.0	-0.01	-0.18	2.95	-0.37	-3.8	0.0	0.16	2.09	0.84
1BNI	TYR-C0024_	8888.0			0.0	0.0	0.0	2.86	8.96	-0.37	-3.8	0.0	0.01	2.93	10.59
1BNI	ARG+C0059_	-8888.0			74.09	-0.0	0.0	5.16	1.13	0.0	-12.5	0.0	0.0	0.75	68.64
1BNI	ARG+C0069_	8888.0			-0.0	-0.0	0.0	1.79	1.66	0.0	1.5	0.0	0.33	-4.88	0.39
1BNI	ARG+C0072_	8888.0			-0.0	-0.0	0.0	-0.28	-0.26	0.0	1.5	0.0	0.44	-2.95	-1.56
1BNI	ASP-C0075_	-8888.0			-0.01	-0.03	-0.26	-2.41	6.52	-0.62	4.75	0.0	0.56	-11.03	-2.54
1BNI	TYR-C0078_	8888.0			0.0	0.0	0.0	-1.11	6.01	-0.37	-3.8	0.0	0.02	1.5	2.26
1BNI	ARG+C0083_	8888.0			-0.01	-0.0	0.0	1.64	1.63	0.0	1.5	0.0	0.41	-7.54	-2.36
1BNI	ARG+C0087_	8888.0			-0.0	-0.0	0.0	0.27	2.19	0.0	1.5	0.0	0.14	-8.79	-4.7
1BNI	TYR-C0090_	8888.0			0.0	0.0	0.0	-1.71	4.26	-0.37	-3.8	0.0	0.0	1.77	0.16
1BNI	ASP-C0093_	-8888.0			-0.0	-0.63	-0.53	-3.65	4.66	-0.62	4.75	0.0	0.14	-9.93	-5.83
1BNI	TYR-C0103_	8888.0			0.0	0.0	-0.02	-1.84	2.82	-0.37	-3.8	0.0	0.45	5.31	2.55
1BNI	ARG+C0110_	8888.0			-0.01	-0.0	0.0	-0.18	0.8	0.0	1.5	0.0	0.31	-3.82	-1.39
1BNJ	TYR-A0013_	8888.0			0.0	0.0	0.0	-0.09	3.01	-0.37	-3.8	0.0	0.07	1.73	0.56
1BNJ	TYR-A0024_	8888.0			0.0	0.0	0.0	2.22	9.14	-0.37	-3.8	0.0	0.01	2.69	9.89
1BNJ	ARG+A0072_	8888.0			-0.0	-0.0	0.0	-0.23	-0.0	0.0	1.5	0.0	0.37	-1.91	-0.28
1BNJ	ASP-A0075_	-8888.0			-0.01	-0.01	-0.25	-2.25	6.58	-0.62	4.75	0.0	0.32	-11.32	-2.82
1BNJ	TYR-A0078_	8888.0			0.0	0.0	0.0	0.33	5.1	-0.37	-3.8	0.0	0.01	1.32	2.6
1BNJ	ARG+A0083_	8888.0			-0.0	-0.0	0.0	1.51	1.37	0.0	1.5	0.0	0.29	-7.83	-3.15
1BNJ	ARG+A0087_	8888.0			-0.0	-0.0	0.0	0.23	2.38	0.0	1.5	0.0	0.11	-8.1	-3.89
1BNJ	TYR-A0090_	8888.0			0.0	0.0	0.0	-1.0	4.48	-0.37	-3.8	0.0	0.0	1.17	0.48
1BNJ	ASP-A0093_	-8888.0			-0.02	0.0	-0.34	-2.87	4.37	-0.62	4.75	0.0	0.26	-6.19	-0.68
1BNJ	TYR-A0103_	8888.0			0.0	0.0	0.0	-1.77	2.96	-0.37	-3.8	0.0	0.0	4.14	1.17
1BNJ	ARG+A0110_	8888.0			-0.01	-0.0	0.0	-0.06	0.5	0.0	1.5	0.0	0.53	-5.01	-2.54
1BNJ	TYR-B0024_	8888.0			0.0	0.0	0.0	2.72	9.0	-0.37	-3.8	0.0	0.01	2.7	10.26
1BNJ	ARG+B0059_	-8888.0			73.93	-0.0	0.0	4.1	1.07	0.0	-12.5	0.0	0.0	2.36	68.97
1BNJ	ARG+B0069_	8888.0			-0.01	0.32	0.0	1.07	1.7	0.0	1.5	0.0	0.29	-5.67	-0.79
1BNJ	ARG+B0072_	8888.0			-0.01	-0.0	0.0	-0.23	0.02	0.0	1.5	0.0	0.27	-1.7	-0.13
1BNJ	ASP-B0075_	-8888.0			-0.01	0.01	-0.25	-3.17	6.82	-0.62	4.75	0.0	0.12	-11.89	-4.25
1BNJ	TYR-B0078_	8888.0			0.0	0.0	0.0	-0.83	4.81	-0.37	-3.8	0.0	0.01	1.45	1.28
1BNJ	ARG+B0083_	8888.0			0.0	-0.0	0.0	1.93	1.46	0.0	1.5	0.0	0.45	-9.43	-4.09
1BNJ	ARG+B0087_	8888.0			-0.0	-0.0	0.0	0.8	2.7	0.0	1.5	0.0	0.03	-11.61	-6.6
1BNJ	TYR-B0090_	8888.0			0.0	0.0	0.0	-1.28	4.24	-0.37	-3.8	0.0	0.0	1.79	0.58
1BNJ	ASP-B0093_	-8888.0			-0.01	0.01	-0.25	-1.72	3.61	-0.62	4.75	0.0	0.02	-6.16	-0.37
1BNJ	TYR-B0097_	8888.0			0.0	0.0	0.0	-1.02	6.23	-0.37	-3.8	0.0	0.0	2.34	3.38
1BNJ	ARG+B0110_	8888.0			-0.01	-0.0	0.0	-0.39	0.37	0.0	1.5	0.0	0.49	-4.59	-2.63
1BNJ	TYR-C0024_	8888.0			0.0	0.0	0.0	3.23	8.95	-0.37	-3.8	0.0	0.01	2.69	10.71
1BNJ	ARG+C0069_	8888.0			-0.0	-0.0	0.0	1.48	1.28	0.0	1.5	0.0	0.35	-4.25	0.35
1BNJ	ARG+C0072_	8888.0			-0.01	-0.0	0.0	-0.28	0.06	0.0	1.5	0.0	0.25	-2.53	-1.01
1BNJ	ASP-C0075_	-8888.0			-0.01	0.03	-0.25	-2.6	6.97	-0.62	4.75	0.0	0.16	-12.39	-3.96
1BNJ	TYR-C0078_	8888.0			0.0	0.0	0.0	0.03	5.62	-0.37	-3.8	0.0	0.01	1.22	2.72
1BNJ	ARG+C0083_	8888.0			-0.01	-0.0	0.0	1.75	1.75	0.0	1.5	0.0	0.21	-8.33	-3.13
1BNJ	ARG+C0087_	8888.0			-0.0	-0.0	0.0	-0.02	2.27	0.0	1.5	0.0	0.31	-9.67	-5.62
1BNJ	TYR-C0090_	8888.0			0.0	0.0	0.0	-1.05	4.46	-0.37	-3.8	0.0	0.23	1.8	1.27
1BNJ	ASP-C0093_	-8888.0			-0.01	0.0	-0.25	-1.78	3.47	-0.62	4.75	0.0	0.01	-5.82	-0.24
1BNJ	TYR-C0103_	8888.0			0.0	0.0	0.0	-1.83	2.8	-0.37	-3.8	0.0	0.0	5.48	2.28
1BNJ	ARG+C0110_	8888.0			-0.01	-0.0	0.0	-0.32	0.54	0.0	1.5	0.0	0.45	-4.62	-2.45
1BNR	TYR-A0013_	8888.0			0.0	0.0	0.0	0.08	2.73	-0.37	-3.8	0.0	0.0	2.33	0.98
1BNR	TYR-A0024_	8888.0			0.0	0.0	0.0	-0.49	7.86	-0.37	-3.8	0.0	0.0	3.07	6.28
1BNR	ARG+A0072_	8888.0			-0.01	-0.0	-0.0	0.04	0.14	0.0	1.5	0.0	0.32	-1.86	0.13
1BNR	ARG+A0087_	8888.0			-0.0	-0.0	0.0	0.34	2.12	0.0	1.5	0.0	0.51	-8.91	-4.44
1BNR	TYR-A0103_	8888.0			0.0	0.0	0.0	-2.12	3.88	-0.37	-3.8	0.0	0.0	3.24	0.82
1BNR	ARG+A0110_	8888.0			-0.01	-0.0	-0.0	0.49	0.77	0.0	1.5	0.0	0.35	-3.03	0.06
1BPI	ARG+A0001_	8888.0			-0.01	-0.0	0.0	-0.84	0.64	0.0	1.5	0.0	0.57	-2.86	-1.01
1BPI	ARG+A0020_	8888.0			-0.01	-0.0	0.0	0.15	0.6	0.0	1.5	0.0	0.29	-2.56	-0.02
1BUS	TYR-A0032_	8888.0			0.0	0.0	-0.02	-2.11	5.66	-0.37	-3.8	0.0	0.29	3.58	3.23
1BUS	LYS+A0035_	8888.0			-0.0	-0.0	0.0	1.34	1.68	0.29	3.6	0.0	0.0	-90.62	-83.71
1BUS	HIS+A0053_	-8888.0			-0.0	-0.0	0.0	1.28	3.41	-0.73	-6.98	0.0	0.02	7.23	4.22
1BVI	TYR-A0011_	8888.0			0.0	0.04	-0.01	-1.08	4.85	-0.37	-3.8	0.0	0.5	8.2	8.35
1BVI	TYR-A0024_	8888.0			0.0	0.0	0.0	0.7	2.12	-0.37	-3.8	0.0	0.22	2.14	1.01
1BVI	TYR-A0038_	8888.0			0.0	0.0	-0.0	-0.82	6.31	-0.37	-3.8	0.0	0.4	3.93	5.65
1BVI	TYR-A0042_	8888.0			0.0	0.0	0.0	-6.58	9.02	-0.37	-3.8	0.0	0.02	14.48	12.76
1BVI	TYR-A0056_	8888.0			0.0	0.0	0.0	1.49	2.99	-0.37	-3.8	0.0	0.07	1.51	1.9
1BVI	TYR-A0057_	8888.0			-0.0	-0.02	-0.02	-0.2	3.88	-0.37	-3.8	0.0	0.07	4.45	3.99
1BVI	GLU-A0058_	8888.0			-0.01	-0.04	-0.12	-1.3	9.13	-0.22	-9.25	0.0	0.31	-2.32	-3.81
1BVI	TYR-A0068_	8888.0			0.0	0.0	0.0	-0.36	7.71	-0.37	-3.8	0.0	0.0	3.04	6.23
1BVI	ARG+A0077_	8888.0			-0.0	-0.0	0.0	-1.06	4.9	0.0	1.5	0.0	0.29	-15.24	-9.62
1BVI	TYR-B0011_	8888.0			0.0	0.0	-0.05	-1.33	5.09	-0.37	-3.8	0.0	0.27	7.22	7.02
1BVI	TYR-B0024_	8888.0			0.0	0.0	0.0	0.74	2.09	-0.37	-3.8	0.0	0.2	1.93	0.8
1BVI	TYR-B0038_	8888.0			0.0	0.0	-0.0	-1.0	5.43	-0.37	-3.8	0.0	0.31	-0.24	0.35
1BVI	TYR-B0042_	8888.0			0.0	0.0	-0.03	-6.67	8.89	-0.37	-3.8	0.0	0.23	15.43	13.69
1BVI	TYR-B0056_	8888.0			0.0	0.0	0.0	1.96	2.92	-0.37	-3.8	0.0	0.02	1.7	2.44
1BVI	TYR-B0057_	8888.0			0.0	0.0	0.0	-0.24	3.88	-0.37	-3.8	0.0	0.03	4.46	3.96
1BVI	GLU-B0058_	-8888.0			-0.01	-0.0	-0.13	-1.42	9.03	-0.22	4.75	0.0	0.33	-12.19	0.13
1BVI	TYR-B0068_	8888.0			0.0	0.0	0.0	-0.95	7.05	-0.37	-3.8	0.0	0.02	1.58	3.53
1BVI	ARG+B0077_	8888.0			-0.0	-0.01	0.0	-1.2	3.39	0.0	1.5	0.0	0.28	-11.59	-7.62
1BVI	TYR-C0011_	8888.0			0.0	0.0	-0.01	-1.09	5.22	-0.37	-3.8	0.0	0.17	7.89	8.01
1BVI	TYR-C0024_	8888.0			0.0	0.0	-0.0	-0.85	6.02	-0.37	-3.8	0.0	0.24	3.08	4.32
1BVI	LYS+C0025_	8888.0			-0.0	-0.0	0.0	-0.05	1.38	0.29	3.6	0.0	0.0	-6.95	-1.74
1BVI	TYR-C0038_	8888.0			0.0	0.0	-0.02	-0.38	8.81	-0.37	-3.8	0.0	0.45	1.75	6.45
1BVI	TYR-C0042_	8888.0			0.0	0.0	-0.01	-6.78	8.89	-0.37	-3.8	0.0	0.28	14.76	12.98
1BVI	TYR-C0056_	8888.0			0.0	0.0	0.0	1.01	3.31	-0.37	-3.8	0.0	0.12	1.79	2.05
1BVI	TYR-C0057_	8888.0			0.0	0.0	-0.0	-0.45	2.92	-0.37	-3.8	0.0	0.29	3.25	1.83
1BVI	GLU-C0058_	8888.0			-0.01	-0.06	-0.13	-1.03	9.2	-0.22	-9.25	0.0	0.31	-2.42	-3.61
1BVI	TYR-C0068_	8888.0			0.0	0.0	0.0	-0.55	7.32	-0.37	-3.8	0.0	0.03	1.3	3.93
1BVI	ARG+C0077_	8888.0			-0.0	-0.02	0.0	-2.52	5.08	0.0	1.5	0.0	0.48	-12.76	-8.25
1BVI	TYR-D0011_	8888.0			0.0	0.0	-0.01	-1.23	5.37	-0.37	-3.8	0.0	0.2	7.33	7.49
1BVI	TYR-D0038_	8888.0			0.0	0.0	-0.02	-0.84	5.76	-0.37	-3.8	0.0	0.39	2.24	3.35
1BVI	TYR-D0042_	8888.0			0.0	0.0	-0.03	-6.26	8.95	-0.37	-3.8	0.0	0.19	14.65	13.33
1BVI	TYR-D0056_	8888.0			0.0	0.0	0.0	1.45	3.57	-0.37	-3.8	0.0	0.07	1.31	2.23
1BVI	TYR-D0057_	8888.0			0.0	0.0	-0.02	-0.3	4.16	-0.37	-3.8	0.0	0.3	2.23	2.21
1BVI	TYR-D0068_	8888.0			0.0	0.0	0.0	-0.53	7.23	-0.37	-3.8	0.0	0.01	0.89	3.44
1BVI	ARG+D0077_	8888.0			-0.0	-0.01	0.0	-0.9	2.98	0.0	1.5	0.0	0.4	-9.74	-5.77
1CDC	GLU-A0029_	-8888.0			-0.03	0.0	-0.25	-0.46	7.24	-0.22	4.75	0.0	0.0	-13.21	-2.17
1CDC	ARG+A0031_	8888.0			-0.01	-0.0	0.0	0.35	3.19	0.0	1.5	0.0	0.02	-14.21	-9.16
1CDC	ARG+A0034_	8888.0			-0.01	-0.0	0.0	-0.25	0.6	0.0	1.5	0.0	0.37	-3.35	-1.14
1CDC	LYS+A0043_	8888.0			-0.0	-0.0	0.0	-0.57	3.6	0.29	3.6	0.0	0.0	-8.64	-1.72
1CDC	ARG+A0044_	8888.0			-0.01	-0.0	0.0	-2.36	1.89	0.0	1.5	0.0	0.02	-2.9	-1.86
1CDC	TYR-A0076_	8888.0			0.0	0.0	0.0	3.66	7.67	-0.37	-3.8	0.0	0.0	1.25	8.41
1CDC	TYR-A0081_	8888.0			0.0	0.0	0.0	-0.43	4.31	-0.37	-3.8	0.0	0.02	6.64	6.37
1CDC	ARG+A0087_	8888.0			-0.01	-0.0	0.0	-0.04	1.1	0.0	1.5	0.0	0.47	-2.7	0.32
1CDC	ARG+A0096_	8888.0			-0.0	-0.0	0.0	0.07	0.55	0.0	1.5	0.0	0.28	-2.85	-0.45
1CDC	GLU-B0029_	-8888.0			-0.01	0.0	-0.25	-0.01	5.97	-0.22	4.75	0.0	0.01	-12.65	-2.41
1CDC	ARG+B0031_	8888.0			-0.01	-0.0	0.0	0.43	2.38	0.0	1.5	0.0	0.08	-11.46	-7.08
1CDC	ARG+B0034_	8888.0			-0.01	-0.0	0.0	-0.2	0.46	0.0	1.5	0.0	0.51	-2.12	0.15
1CDC	GLU-B0041_	-8888.0			-0.03	0.01	-0.22	-0.98	6.03	-0.22	4.75	0.0	0.14	-11.66	-2.18
1CDC	LYS+B0043_	8888.0			0.05	0.1	0.08	-0.66	5.39	0.29	3.6	0.0	-0.16	-13.62	-4.91
1CDC	ARG+B0044_	8888.0			-0.01	-0.0	0.0	-2.68	1.42	0.0	1.5	0.0	0.26	-3.18	-2.69
1CDC	ARG+B0070_	8888.0			-0.01	-0.0	0.0	0.19	0.38	0.0	1.5	0.0	0.42	-2.81	-0.32
1CDC	TYR-B0076_	8888.0			0.0	0.0	0.0	2.83	5.95	-0.37	-3.8	0.0	0.0	-0.3	4.32
1CDC	TYR-B0081_	8888.0			0.0	0.0	0.0	-0.64	5.34	-0.37	-3.8	0.0	0.01	5.47	6.01
1CDC	ARG+B0087_	8888.0			-0.01	-0.0	0.0	0.1	0.53	0.0	1.5	0.0	0.54	-3.26	-0.6
1CDC	ARG+B0096_	8888.0			-0.0	-0.0	0.0	0.08	-0.17	0.0	1.5	0.0	0.53	-1.94	-0.0
1D0D	TYR-A0001_	8888.0			0.0	0.0	0.0	1.43	3.9	-0.37	-3.8	0.0	0.01	0.38	1.56
1D0D	ARG+A0023_	8888.0			-0.01	-0.0	0.0	0.29	0.33	0.0	1.5	0.0	0.43	-2.58	-0.04
1D0D	TYR-A0048_	8888.0			-0.0	-0.0	0.0	-1.57	4.45	-0.37	-3.8	0.0	0.23	1.97	0.9
1D0D	ARG+B0001_	8888.0			-0.0	-0.0	0.0	-1.68	1.78	0.0	1.5	0.0	0.3	-3.92	-2.02
1D0D	ARG+B0020_	8888.0			-0.0	-0.0	0.0	0.05	0.08	0.0	1.5	0.0	0.41	-2.0	0.02
1DE3	TYR-A0018_	8888.0			0.0	0.0	0.0	-0.61	2.29	-0.37	-3.8	0.0	0.3	2.71	0.53
1DE3	TYR-A0025_	8888.0			0.0	0.0	0.0	-0.71	7.5	-0.37	-3.8	0.0	0.0	1.3	3.92
1DE3	ASP-A0041_	-8888.0			-0.0	-0.04	-0.0	-1.93	2.98	-0.62	4.75	0.0	0.23	-5.1	0.26
1DE3	TYR-A0056_	8888.0			0.0	0.0	0.0	1.92	4.86	-0.37	-3.8	0.0	0.0	1.36	3.97
1DE3	TYR-A0093_	8888.0			0.0	0.0	0.0	-1.58	9.09	-0.37	-3.8	0.0	0.09	8.86	12.29
1DE3	TYR-A0106_	8888.0			0.0	0.0	0.0	2.03	8.16	-0.37	-3.8	0.0	0.0	3.21	9.23
1DE3	ARG+A0121_	8888.0			-0.0	-0.0	0.0	-1.39	2.52	0.0	1.5	0.0	0.46	-7.01	-3.93
1DE3	TYR-A0124_	8888.0			0.0	0.0	0.0	-1.06	9.09	-0.37	-3.8	0.0	0.2	3.62	7.68
1DE3	TYR-A0126_	8888.0			0.0	0.0	0.0	-0.04	3.0	-0.37	-3.8	0.0	0.0	1.61	0.41
1DG9	CYS-A0012_	-8888.0			0.0	0.02	-0.01	-20.62	9.6	0.0	9.1	0.0	0.16	-11.38	-13.13
1DG9	CYS-A0017_	8888.0			0.0	0.01	0.0	-7.28	8.67	0.0	-4.9	0.0	0.36	8.59	5.45
1DG9	ARG+A0018_	8888.0			-0.01	-0.01	0.0	8.25	3.36	0.0	1.5	0.0	0.49	-14.41	-0.82
1DG9	GLU-A0023_	-8888.0			-0.01	0.01	-0.02	-2.08	3.37	-0.22	4.75	0.0	0.37	-6.51	-0.33
1DG9	ARG+A0027_	8888.0			-0.01	-0.0	0.0	0.33	0.03	0.0	1.5	0.0	0.44	-3.35	-1.06
1DG9	ASP-A0056_	-8888.0			-0.02	0.0	-0.23	-3.92	4.14	-0.62	4.75	0.0	0.13	-5.98	-1.74
1DG9	ARG+A0058_	8888.0			-0.0	-0.01	0.0	0.9	0.95	0.0	1.5	0.0	0.19	-6.96	-3.43
1DG9	CYS-A0062_	8888.0			0.0	0.01	0.0	-1.69	5.92	0.0	-4.9	0.0	0.35	4.86	4.55
1DG9	ARG+A0075_	8888.0			-0.01	-0.01	0.0	0.06	0.97	0.0	1.5	0.0	0.39	-7.66	-4.76
1DG9	CYS-A0090_	8888.0			0.0	0.01	0.0	-5.53	9.29	0.0	-4.9	0.0	0.47	6.29	5.63
1DG9	ARG+A0101_	8888.0			-0.01	-0.0	0.0	0.21	-0.56	0.0	1.5	0.0	0.48	-1.49	0.14
1DG9	ARG+A0110_	8888.0			-0.01	-0.0	0.0	-1.0	-0.2	0.0	1.5	0.0	0.33	-1.59	-0.96
1DG9	TYR-A0119_	8888.0			0.0	0.0	-0.0	-0.12	3.13	-0.37	-3.8	0.0	0.31	9.88	9.03
1DG9	ASP-A0120_	-8888.0			-0.01	-0.01	-0.25	-6.08	7.26	-0.62	4.75	0.0	0.14	-7.5	-2.32
1DG9	TYR-A0142_	8888.0			0.0	0.0	0.0	-0.41	3.1	-0.37	-3.8	0.0	0.29	2.41	1.24
1DG9	CYS-A0145_	8888.0			0.0	0.01	0.0	-3.33	9.7	0.0	-4.9	0.0	0.42	4.65	6.55
1DG9	ARG+A0147_	8888.0			-0.01	-0.0	0.0	0.8	0.55	0.0	1.5	0.0	0.13	-4.73	-1.75
1DG9	CYS-A0148_	8888.0			0.0	0.01	0.0	-1.87	8.16	0.0	-4.9	0.0	0.38	4.86	6.65
1DG9	CYS-A0149_	8888.0			0.0	0.01	0.0	-1.82	9.72	0.0	-4.9	0.0	0.47	4.68	8.17
1DG9	ARG+A0157_	8888.0			-0.0	-0.0	0.0	-0.39	0.02	0.0	1.5	0.0	0.43	-4.2	-2.65
1DIV	ARG+A0122_	8888.0			-0.01	-0.0	0.0	-1.07	0.16	0.0	1.5	0.0	0.26	-0.65	0.18
1DSB	TYR-A0009_	8888.0			0.0	0.0	0.0	-1.71	4.19	-0.37	-3.8	0.0	0.29	2.68	1.29
1DSB	TYR-A0034_	8888.0			0.0	0.0	0.0	-1.24	4.5	-0.37	-3.8	0.0	0.0	3.39	2.49
1DSB	GLU-A0038_	8888.0			-0.01	0.0	-0.01	-1.65	3.94	-0.22	-9.25	0.0	0.38	6.59	-0.22
1DSB	LYS+A0058_	8888.0			-0.0	-0.0	0.0	1.74	3.14	0.29	3.6	0.0	0.0	-9.85	-1.08
1DSB	TYR-A0059_	8888.0			0.0	0.0	0.0	-0.41	3.71	-0.37	-3.8	0.0	0.19	1.09	0.41
1DSB	HIS+A0060_	-8888.0			-0.0	-0.01	0.0	7.94	5.09	-0.73	-6.98	0.0	0.0	0.37	5.67
1DSB	ARG+A0103_	8888.0			-0.01	-0.0	0.0	-0.12	0.37	0.0	1.5	0.0	0.37	-1.99	0.11
1DSB	ARG+A0109_	8888.0			-0.0	-0.0	0.0	0.55	0.24	0.0	1.5	0.0	0.34	-4.17	-1.54
1DSB	TYR-A0122_	8888.0			0.0	0.0	0.0	-1.7	5.79	-0.37	-3.8	0.0	0.0	1.78	1.71
1DSB	TYR-A0159_	8888.0			0.0	0.0	0.0	-0.19	3.26	-0.37	-3.8	0.0	0.29	2.07	1.26
1DSB	TYR-A0178_	8888.0			0.0	0.0	0.0	-1.76	5.55	-0.37	-3.8	0.0	0.0	3.67	3.3
1DSB	TYR-A0184_	8888.0			0.0	0.0	0.0	-0.73	3.03	-0.37	-3.8	0.0	0.25	3.2	1.58
1DSB	TYR-B0003_	8888.0			0.0	0.0	0.0	-0.66	3.78	-0.37	-3.8	0.0	0.24	2.7	1.89
1DSB	TYR-B0009_	8888.0			0.0	0.0	0.0	-1.71	4.07	-0.37	-3.8	0.0	0.26	3.05	1.49
1DSB	TYR-B0034_	8888.0			0.0	0.0	0.0	-1.16	2.94	-0.37	-3.8	0.0	0.0	3.01	0.63
1DSB	LYS+B0058_	8888.0			-0.01	-0.02	-0.01	1.48	2.77	0.29	3.6	0.0	0.09	-11.34	-3.15
1DSB	HIS+B0060_	-8888.0			-0.0	-0.01	0.0	8.52	6.0	-0.73	-6.98	0.0	0.0	1.87	8.66
1DSB	ARG+B0103_	8888.0			-0.01	-0.01	0.0	-0.33	2.3	0.0	1.5	0.0	0.6	-4.92	-0.87
1DSB	ARG+B0109_	8888.0			-0.0	-0.0	0.0	0.53	0.56	0.0	1.5	0.0	0.32	-4.39	-1.5
1DSB	TYR-B0122_	8888.0			0.0	0.0	0.0	-1.84	5.68	-0.37	-3.8	0.0	0.0	1.67	1.35
1DSB	TYR-B0159_	8888.0			0.0	0.0	0.0	0.03	3.31	-0.37	-3.8	0.0	0.07	3.85	3.11
1DSB	TYR-B0178_	8888.0			0.0	0.0	0.0	-1.7	5.83	-0.37	-3.8	0.0	0.0	3.91	3.87
1DUK	HIS+A0024_	-8888.0			-0.0	-0.0	0.0	0.21	3.55	-0.73	-6.98	0.0	0.0	101.72	97.77
1DUK	ARG+A0045_	8888.0			-0.01	-0.0	0.0	0.46	0.4	0.0	1.5	0.0	0.29	-2.49	0.16
1DUK	HIS+A0064_	-8888.0			-0.0	-0.0	0.0	1.54	2.77	-0.73	-6.98	0.0	-0.03	8.82	5.38
1DUK	ARG+A0118_	8888.0			-0.01	-0.0	0.0	0.1	0.7	0.0	1.5	0.0	0.42	-3.02	-0.31
1DUK	ARG+A0139_	8888.0			-0.01	-0.01	0.0	-0.36	0.4	0.0	1.5	0.0	0.0	9.16	10.68
1DUK	ASP-A0141_	-8888.0			-0.0	-0.12	-0.06	-0.73	1.47	-0.62	4.75	0.0	0.31	-4.48	0.51
1DUK	TYR-A0146_	8888.0			0.0	0.0	0.0	1.74	7.77	-0.37	-3.8	0.0	0.0	2.56	7.9
1DUK	HEM+A0155_	8888.0			0.0	0.0	0.0	1.35	-9.69	0.0	0.0	-3.79	0.0	-7.06	-19.19
1DWR	HIS+A0024_	-8888.0			-0.0	-0.0	0.0	0.1	3.26	-0.73	-6.98	0.0	0.0	15.23	10.87
1DWR	ARG+A0031_	8888.0			-0.01	-0.0	0.0	0.1	-0.12	0.0	1.5	0.0	0.42	-1.76	0.13
1DWR	HIS+A0064_	-8888.0			-0.0	0.07	0.0	1.03	2.83	-0.73	-6.98	0.0	-0.06	5.81	1.96
1DWR	TYR-A0146_	8888.0			0.0	0.0	0.0	2.63	8.52	-0.37	-3.8	0.0	0.0	0.11	7.1
1EGF	TYR-A0013_	8888.0			0.0	0.0	0.0	1.71	2.09	-0.37	-3.8	0.0	0.07	4.5	4.2
1EGF	TYR-A0029_	8888.0			0.0	0.0	0.0	-0.36	2.62	-0.37	-3.8	0.0	0.26	2.49	0.84
1EH6	ARG+A0009_	8888.0			-0.0	-0.0	0.0	0.1	-0.24	0.0	1.5	0.0	0.44	-2.0	-0.2
1EH6	CYS-A0024_	8888.0			0.0	0.0	0.0	-3.71	5.69	0.0	-4.9	0.0	0.07	4.85	2.01
1EH6	HIS+A0029_	-8888.0			-0.0	-0.01	0.0	1.38	2.16	-0.73	-6.98	0.0	-0.21	5.8	1.4
1EH6	CYS-A0062_	8888.0			0.0	0.0	0.0	-4.64	9.61	0.0	-4.9	0.0	0.46	2.22	2.76
1EH6	TYR-A0069_	8888.0			0.0	0.0	0.0	0.02	9.12	-0.37	-3.8	0.0	0.01	6.45	11.43
1EH6	HIS+A0146_	-8888.0			-0.0	-0.01	0.0	4.28	5.72	-0.73	-6.98	0.0	0.0	2.27	4.54
1EH6	ARG+A0147_	8888.0			-0.0	-0.0	0.0	-1.36	3.15	0.0	1.5	0.0	0.3	-9.9	-6.31
1EH6	TYR-A0158_	8888.0			0.0	0.0	0.0	-2.3	5.19	-0.37	-3.8	0.0	0.1	5.66	4.48
1EH6	LYS+A0165_	8888.0			-0.0	0.05	0.0	-8.69	5.91	0.29	3.6	0.0	0.0	-5.75	-4.59
1EH6	GLU-A0172_	-8888.0			-0.04	-0.02	-0.25	-2.37	8.87	-0.22	4.75	0.0	0.0	-19.5	-8.77
1EH6	_ZN+A0208_	-8888.0			0.0	-0.11	0.0	2.77	5.11	0.0	0.0	0.0	0.0	137.87	145.65
1EPG	TYR-A0029_	8888.0			0.0	0.0	-0.02	1.81	2.17	-0.37	-3.8	0.0	0.43	2.61	2.84
1EPH	TYR-A0029_	8888.0			0.0	0.0	0.0	1.73	2.49	-0.37	-3.8	0.0	0.29	2.22	2.56
1ERA	HIS+A0006_	-8888.0			-0.0	-0.01	0.0	3.77	2.46	-0.73	-6.98	0.0	0.14	2.23	0.88
1ERA	TYR-A0025_	8888.0			0.0	0.0	0.0	-0.4	3.19	-0.37	-3.8	0.0	0.08	2.7	1.41
1ERA	ARG+A0039_	8888.0			-0.01	-0.01	0.0	-1.47	2.64	0.0	1.5	0.0	0.29	-7.97	-5.03
1ERT	CYS-A0035_	8888.0			0.0	0.01	0.0	-4.3	6.51	0.0	-4.9	0.0	0.32	11.32	8.96
1ERT	TYR-A0049_	8888.0			-0.0	0.0	-0.01	-0.21	3.34	-0.37	-3.8	0.0	0.14	4.96	4.06
1ERT	CYS-A0062_	8888.0			0.0	0.01	0.0	-1.99	5.0	0.0	-4.9	0.0	0.31	5.64	4.07
1ERT	CYS-A0069_	8888.0			0.0	0.0	0.0	-0.16	3.17	0.0	-4.9	0.0	0.47	3.0	1.58
1ERU	ASP-A0026_	8888.0			-0.0	-0.02	-0.11	-1.09	7.72	-0.62	-9.25	0.0	0.51	4.67	1.8
1ERU	TYR-A0049_	8888.0			0.0	0.0	-0.0	-0.17	3.24	-0.37	-3.8	0.0	0.33	3.94	3.17
1ERU	CYS-A0062_	8888.0			0.0	0.01	0.0	-1.65	4.02	0.0	-4.9	0.0	0.2	4.7	2.39
1ERU	CYS-A0069_	8888.0			0.0	0.01	0.0	-0.3	3.31	0.0	-4.9	0.0	0.47	2.94	1.52
1EX3	TYR-A0094_	8888.0			0.0	0.0	0.0	-1.19	4.77	-0.37	-3.8	0.0	0.2	4.33	3.95
1EX3	ASP-A0102_	-8888.0			-0.01	0.01	-0.13	-4.53	8.66	-0.62	4.75	0.0	0.4	-13.12	-4.6
1EX3	ARG+A0145_	8888.0			-0.01	-0.01	0.0	-0.44	0.86	0.0	1.5	0.0	0.27	-3.08	-0.91
1EX3	ARG+A0154_	8888.0			-0.0	-0.0	0.0	0.35	1.07	0.0	1.5	0.0	0.33	-4.65	-1.4
1EX3	TYR-A0228_	8888.0			0.0	0.0	0.0	-2.0	4.96	-0.37	-3.8	0.0	0.0	2.73	1.52
1EX3	ARG+A0230_	8888.0			-0.0	-0.0	0.0	-1.53	1.18	0.0	1.5	0.0	0.39	-1.56	-0.03
1EY0	ASP-A0021_	-8888.0			-0.01	0.01	-0.05	-2.73	3.31	-0.62	4.75	0.0	0.26	-5.6	-0.69
1EY0	TYR-A0027_	8888.0			0.0	0.0	0.0	-0.89	3.65	-0.37	-3.8	0.0	0.0	8.08	6.68
1EY0	ARG+A0035_	8888.0			-0.01	-0.0	0.0	0.01	1.41	0.0	1.5	0.0	0.25	-5.76	-2.59
1EY0	HIS+A0046_	-8888.0			-0.0	0.03	0.0	8.73	1.22	-0.73	-6.98	0.0	0.0	1.11	3.37
1EY0	GLU-A0075_	-8888.0			-0.01	0.01	-0.13	-1.02	3.74	-0.22	4.75	0.0	0.3	-7.11	0.31
1EY0	ASP-A0077_	-8888.0			-0.01	-0.06	-0.16	-9.88	8.15	-0.62	4.75	0.0	0.36	-6.61	-4.07
1EY0	ARG+A0081_	8888.0			-0.01	-0.0	0.0	-0.14	-0.04	0.0	1.5	0.0	0.43	-1.55	0.19
1EY0	ARG+A0087_	8888.0			-0.0	-0.0	0.0	1.22	0.54	0.0	1.5	0.0	0.35	-6.29	-2.69
1EY0	TYR-A0091_	8888.0			0.0	0.0	0.0	-7.16	8.98	-0.37	-3.8	0.0	0.0	15.23	12.87
1EY0	TYR-A0093_	8888.0			0.0	0.0	0.0	-2.09	3.96	-0.37	-3.8	0.0	0.0	11.44	9.14
1EY0	ARG+A0105_	8888.0			-0.01	-0.0	0.0	-0.45	0.69	0.0	1.5	0.0	0.26	-2.48	-0.49
1EY0	ARG+A0126_	8888.0			-0.01	-0.0	0.0	-0.01	-0.29	0.0	1.5	0.0	0.47	-3.76	-2.1
1FEZ	ASP-A0012_	-8888.0			-0.01	-0.02	-0.03	-4.54	5.27	-0.62	4.75	0.0	-0.02	-10.71	-5.93
1FEZ	TYR-A0020_	8888.0			0.0	0.0	0.0	-2.91	3.12	-0.37	-3.8	0.0	0.26	4.14	0.43
1FEZ	CYS-A0022_	8888.0			0.0	0.0	0.0	-2.93	3.21	0.0	-4.9	0.0	0.47	6.59	2.45
1FEZ	ARG+A0036_	8888.0			0.29	-0.0	0.0	-0.7	2.4	0.0	1.5	0.0	0.14	-7.23	-3.61
1FEZ	ARG+A0046_	8888.0			-0.01	-0.01	0.0	-0.23	0.92	0.0	1.5	0.0	0.37	-4.67	-2.12
1FEZ	HIS+A0056_	-8888.0			-0.0	-0.0	0.0	0.65	3.26	-0.73	-6.98	0.0	0.04	4.16	0.39
1FEZ	ARG+A0058_	8888.0			0.0	-0.0	-0.0	0.41	0.21	0.0	1.5	0.0	0.45	-2.66	-0.09
1FEZ	ARG+A0065_	8888.0			-0.01	-0.0	0.0	-0.09	0.61	0.0	1.5	0.0	0.33	-4.08	-1.74
1FEZ	ARG+A0072_	8888.0			-0.01	-0.0	0.0	-0.34	0.11	0.0	1.5	0.0	0.54	-1.94	-0.14
1FEZ	TYR-A0087_	8888.0			0.0	0.0	0.0	-1.48	2.36	-0.37	-3.8	0.0	0.0	5.52	2.24
1FEZ	TYR-A0101_	8888.0			0.0	0.0	0.0	-0.52	2.55	-0.37	-3.8	0.0	0.0	8.69	6.55
1FEZ	ARG+A0116_	8888.0			1.16	-0.0	0.0	0.0	0.76	0.0	1.5	0.0	0.14	-3.44	0.12
1FEZ	ARG+A0118_	8888.0			-0.0	-0.0	0.0	-0.29	0.39	0.0	1.5	0.0	0.41	-3.05	-1.04
1FEZ	LYS+A0121_	8888.0			-0.01	-0.0	0.0	-0.71	1.43	0.29	3.6	0.0	0.0	-6.81	-2.2
1FEZ	TYR-A0128_	8888.0			0.0	0.0	0.0	-4.07	3.77	-0.37	-3.8	0.0	0.0	7.46	2.99
1FEZ	ARG+A0130_	8888.0			-0.0	-0.0	0.0	1.23	0.49	0.0	1.5	0.0	0.5	-4.42	-0.7
1FEZ	TYR-A0145_	8888.0			0.0	0.0	0.0	-0.22	7.78	-0.37	-3.8	0.0	0.0	3.85	7.24
1FEZ	ASP-A0155_	-8888.0			-0.01	-0.04	-0.01	-2.9	2.35	-0.62	4.75	0.0	0.11	-4.39	-0.76
1FEZ	ARG+A0160_	8888.0			-0.01	-0.0	0.0	2.14	3.17	0.0	1.5	0.0	0.03	-14.4	-7.56
1FEZ	CYS-A0166_	8888.0			0.0	0.01	0.0	-3.38	10.2	0.0	-4.9	0.0	0.06	5.18	7.18
1FEZ	TYR-A0167_	8888.0			0.0	0.0	0.0	3.22	9.01	-0.37	-3.8	0.0	0.05	2.96	11.08
1FEZ	LYS+A0183_	8888.0			-0.01	-0.0	0.0	1.05	11.02	0.29	3.6	0.0	0.0	-20.97	-5.01
1FEZ	ASP-A0186_	8888.0			-0.0	-0.21	-0.0	-2.25	8.18	-0.62	-9.25	0.0	0.03	10.79	6.67
1FEZ	GLU-A0193_	-8888.0			-0.01	0.01	-0.11	-1.04	9.86	-0.22	4.75	0.0	0.42	-27.7	-14.03
1FEZ	ARG+A0195_	8888.0			-0.01	-0.0	0.0	-0.71	0.46	0.0	1.5	0.0	0.41	-1.26	0.39
1FEZ	ARG+A0234_	8888.0			-0.01	-0.0	0.0	0.27	-0.0	0.0	1.5	0.0	0.6	-2.34	0.02
1FEZ	ARG+A0236_	8888.0			-0.01	-0.0	0.0	0.01	0.7	0.0	1.5	0.0	0.33	-3.26	-0.74
1FEZ	HIS+A0243_	-8888.0			-0.0	-0.0	0.0	2.82	0.9	-0.73	-6.98	0.0	-0.06	5.41	1.34
1FEZ	TYR-B0020_	8888.0			0.0	0.0	0.0	-0.28	3.8	-0.37	-3.8	0.0	0.0	3.93	3.28
1FEZ	CYS-B0022_	8888.0			0.0	0.01	0.0	-1.11	8.03	0.0	-4.9	0.0	0.45	6.2	8.68
1FEZ	ARG+B0036_	8888.0			-0.0	-0.01	0.0	-0.1	1.63	0.0	1.5	0.0	0.33	-3.18	0.18
1FEZ	ARG+B0046_	8888.0			-0.01	-0.0	0.0	-2.59	2.47	0.0	1.5	0.0	0.06	-4.41	-2.97
1FEZ	LYS+B0053_	-8888.0			-0.0	-0.0	0.0	5.63	8.25	0.29	-10.4	0.0	0.0	0.77	4.54
1FEZ	HIS+B0056_	-8888.0			-0.0	0.0	0.0	3.77	5.04	-0.73	-6.98	0.0	0.08	2.85	4.03
1FEZ	ARG+B0058_	8888.0			-0.01	-0.0	0.0	0.48	-0.02	0.0	1.5	0.0	0.45	-4.58	-2.17
1FEZ	ARG+B0065_	8888.0			0.06	-0.0	0.0	1.12	0.71	0.0	1.5	0.0	0.28	-5.5	-1.84
1FEZ	ARG+B0072_	8888.0			-0.01	-0.0	0.0	-0.17	-0.3	0.0	1.5	0.0	0.46	-1.27	0.21
1FEZ	TYR-B0087_	8888.0			0.0	0.0	0.0	-2.31	4.45	-0.37	-3.8	0.0	0.06	5.94	3.97
1FEZ	TYR-B0128_	8888.0			0.0	0.0	0.0	-4.97	7.5	-0.37	-3.8	0.0	0.0	8.62	6.98
1FEZ	ARG+B0130_	8888.0			-0.0	-0.0	0.0	0.81	0.82	0.0	1.5	0.0	0.43	-4.08	-0.52
1FEZ	GLU-B0139_	8888.0			-0.03	-0.44	-0.0	1.21	7.49	-0.22	-9.25	0.0	0.01	2.34	1.11
1FEZ	TYR-B0145_	8888.0			0.0	0.0	0.0	-0.12	8.1	-0.37	-3.8	0.0	0.27	3.73	7.82
1FEZ	ARG+B0160_	8888.0			-0.01	-0.01	0.0	4.39	5.8	0.0	1.5	0.0	0.42	-22.56	-10.45
1FEZ	CYS-B0166_	8888.0			0.0	0.01	0.0	-4.22	10.21	0.0	-4.9	0.0	0.13	6.97	8.2
1FEZ	TYR-B0167_	8888.0			0.0	0.0	0.0	1.77	5.43	-0.37	-3.8	0.0	0.0	3.36	6.39
1FEZ	ASP-B0186_	8888.0			-0.0	-0.11	-0.0	-6.73	9.64	-0.62	-9.25	0.0	0.01	12.97	5.9
1FEZ	ARG+B0234_	8888.0			-0.01	-0.0	0.0	0.26	0.5	0.0	1.5	0.0	0.42	-1.98	0.69
1FEZ	ARG+B0236_	8888.0			-0.0	-0.0	0.0	-0.09	1.15	0.0	1.5	0.0	0.41	-4.39	-1.43
1FEZ	ASP-C0012_	-8888.0			-0.01	-0.02	-0.05	-4.6	5.25	-0.62	4.75	0.0	0.19	-7.73	-2.85
1FEZ	TYR-C0020_	8888.0			0.0	0.0	0.0	-2.71	3.12	-0.37	-3.8	0.0	0.0	4.01	0.26
1FEZ	CYS-C0022_	8888.0			0.0	0.0	0.0	-2.99	3.2	0.0	-4.9	0.0	0.47	6.43	2.22
1FEZ	ARG+C0036_	8888.0			0.29	-0.0	0.0	-0.7	2.41	0.0	1.5	0.0	0.14	-7.22	-3.58
1FEZ	ARG+C0046_	8888.0			-0.01	-0.01	0.0	-0.23	0.88	0.0	1.5	0.0	0.37	-4.62	-2.11
1FEZ	HIS+C0056_	-8888.0			-0.0	-0.0	0.0	0.68	3.18	-0.73	-6.98	0.0	0.04	4.32	0.49
1FEZ	ARG+C0058_	8888.0			-0.01	-0.0	0.0	0.4	0.16	0.0	1.5	0.0	0.44	-2.62	-0.13
1FEZ	ARG+C0065_	8888.0			-0.01	-0.0	0.0	-0.09	0.6	0.0	1.5	0.0	0.34	-3.77	-1.44
1FEZ	ARG+C0072_	8888.0			-0.01	-0.0	0.0	-0.31	0.06	0.0	1.5	0.0	0.45	-2.34	-0.65
1FEZ	TYR-C0087_	8888.0			0.0	0.0	0.0	-1.48	2.36	-0.37	-3.8	0.0	0.0	5.63	2.34
1FEZ	TYR-C0101_	8888.0			0.0	0.0	0.0	-0.52	2.53	-0.37	-3.8	0.0	0.0	8.63	6.47
1FEZ	ARG+C0118_	8888.0			-0.0	-0.0	0.0	-0.28	0.39	0.0	1.5	0.0	0.4	-3.07	-1.06
1FEZ	LYS+C0121_	8888.0			-0.01	-0.0	0.0	-0.73	1.43	0.29	3.6	0.0	0.0	-6.99	-2.41
1FEZ	TYR-C0128_	8888.0			0.0	0.0	0.0	-4.1	3.81	-0.37	-3.8	0.0	0.2	7.3	3.04
1FEZ	ARG+C0130_	8888.0			-0.0	-0.0	0.0	1.23	0.49	0.0	1.5	0.0	0.5	-4.41	-0.7
1FEZ	TYR-C0145_	8888.0			0.0	0.0	0.0	-0.25	7.78	-0.37	-3.8	0.0	0.0	3.86	7.23
1FEZ	ASP-C0155_	-8888.0			-0.01	-0.04	-0.01	-2.92	2.36	-0.62	4.75	0.0	0.11	-4.37	-0.74
1FEZ	ARG+C0160_	8888.0			-0.01	-0.0	0.0	2.16	3.15	0.0	1.5	0.0	0.03	-14.36	-7.52
1FEZ	CYS-C0166_	8888.0			0.0	0.01	0.0	-3.51	10.18	0.0	-4.9	0.0	0.06	5.26	7.09
1FEZ	TYR-C0167_	8888.0			0.0	0.0	0.0	2.58	7.76	-0.37	-3.8	0.0	0.0	2.88	9.05
1FEZ	LYS+C0183_	8888.0			-0.01	-0.0	0.0	1.11	11.01	0.29	3.6	0.0	0.0	-20.69	-4.68
1FEZ	ASP-C0186_	8888.0			-0.0	-0.3	-0.0	-2.27	8.15	-0.62	-9.25	0.0	0.04	10.59	6.32
1FEZ	GLU-C0193_	-8888.0			-0.01	0.01	-0.14	-0.97	9.86	-0.22	4.75	0.0	0.46	-27.12	-13.38
1FEZ	ARG+C0234_	8888.0			-0.01	-0.0	0.0	0.27	-0.02	0.0	1.5	0.0	0.54	-3.0	-0.72
1FEZ	ARG+C0236_	8888.0			-0.01	-0.0	0.0	0.0	0.68	0.0	1.5	0.0	0.36	-3.3	-0.77
1FEZ	HIS+C0243_	-8888.0			-0.0	-0.0	0.0	2.83	0.9	-0.73	-6.98	0.0	-0.06	5.33	1.28
1FEZ	ASP-D0012_	-8888.0			-0.0	-0.05	-0.12	-9.7	10.23	-0.62	4.75	0.0	0.38	-9.83	-4.97
1FEZ	TYR-D0020_	8888.0			0.0	0.0	0.0	-0.3	3.8	-0.37	-3.8	0.0	0.0	4.1	3.43
1FEZ	CYS-D0022_	8888.0			0.0	0.01	0.0	-0.9	8.05	0.0	-4.9	0.0	0.45	6.46	9.17
1FEZ	ARG+D0036_	8888.0			-0.01	-0.0	0.0	-0.13	1.54	0.0	1.5	0.0	0.39	-3.26	0.02
1FEZ	ARG+D0046_	8888.0			-0.01	-0.0	0.0	-2.5	2.14	0.0	1.5	0.0	0.33	-4.21	-2.74
1FEZ	LYS+D0053_	-8888.0			-0.0	-0.0	0.0	5.76	8.81	0.29	-10.4	0.0	0.0	-0.41	4.05
1FEZ	HIS+D0056_	-8888.0			-0.0	0.01	0.0	3.78	5.03	-0.73	-6.98	0.0	0.12	2.54	3.77
1FEZ	ARG+D0058_	8888.0			0.0	-0.0	0.0	0.5	0.17	0.0	1.5	0.0	0.46	-4.58	-1.95
1FEZ	ARG+D0065_	8888.0			-0.0	-0.01	0.0	1.02	0.73	0.0	1.5	0.0	0.46	-5.96	-2.26
1FEZ	ARG+D0072_	8888.0			-0.01	-0.0	0.0	-0.17	-0.26	0.0	1.5	0.0	0.45	-1.24	0.27
1FEZ	TYR-D0087_	8888.0			0.0	0.0	0.0	-2.31	4.43	-0.37	-3.8	0.0	0.08	6.09	4.12
1FEZ	ARG+D0118_	8888.0			-0.0	-0.0	0.0	0.13	0.55	0.0	1.5	0.0	0.37	-3.87	-1.33
1FEZ	TYR-D0128_	8888.0			0.0	0.0	0.0	-5.02	7.64	-0.37	-3.8	0.0	0.0	8.85	7.3
1FEZ	ARG+D0130_	8888.0			-0.0	-0.0	0.0	0.7	0.68	0.0	1.5	0.0	0.43	-3.81	-0.51
1FEZ	GLU-D0139_	8888.0			-0.03	-0.44	-0.0	1.23	7.48	-0.22	-9.25	0.0	0.01	2.31	1.07
1FEZ	TYR-D0145_	8888.0			0.0	0.0	0.0	-0.3	8.07	-0.37	-3.8	0.0	0.0	3.27	6.87
1FEZ	ARG+D0160_	8888.0			-0.01	-0.01	0.0	4.38	5.83	0.0	1.5	0.0	0.38	-22.65	-10.58
1FEZ	CYS-D0166_	8888.0			0.0	0.01	0.0	-4.26	10.21	0.0	-4.9	0.0	0.14	8.11	9.29
1FEZ	TYR-D0167_	8888.0			0.0	0.0	0.0	1.4	5.4	-0.37	-3.8	0.0	0.12	3.27	6.01
1FEZ	ASP-D0186_	8888.0			-0.0	-0.11	-0.0	-6.74	9.66	-0.62	-9.25	0.0	0.01	13.24	6.19
1FEZ	ASP-D0190_	-8888.0			-0.01	0.01	-0.02	-8.0	10.11	-0.62	4.75	0.0	0.3	-5.37	1.15
1FEZ	GLU-D0193_	-8888.0			-0.01	0.01	-0.24	-1.81	10.22	-0.22	4.75	0.0	0.36	-18.99	-5.93
1FEZ	ARG+D0234_	8888.0			-0.01	-0.0	0.0	0.31	0.5	0.0	1.5	0.0	0.43	-1.86	0.87
1FEZ	ARG+D0236_	8888.0			-0.01	-0.0	0.0	-0.08	1.21	0.0	1.5	0.0	0.38	-4.44	-1.44
1FEZ	HIS+D0243_	-8888.0			-0.0	-0.0	0.0	1.26	2.34	-0.73	-6.98	0.0	0.12	4.15	0.15
1FKS	CYS-A0022_	8888.0			0.0	0.01	0.0	-2.59	6.26	0.0	-4.9	0.0	0.46	2.83	2.06
1FNA	TYR-A0032_	8888.0			0.0	0.0	0.0	-0.23	5.43	-0.37	-3.8	0.0	0.0	0.93	1.97
1FNA	ARG+A0033_	8888.0			-0.0	-0.0	0.0	0.18	0.78	0.0	1.5	0.0	0.32	-4.31	-1.53
1FNA	TYR-A0068_	8888.0			0.0	0.0	0.0	-0.95	4.38	-0.37	-3.8	0.0	0.01	2.8	2.07
1FW7	TYR-A0024_	8888.0			0.0	0.0	0.0	0.16	8.96	-0.37	-3.8	0.0	0.29	4.57	9.82
1FW7	GLU-A0073_	-8888.0			-0.01	0.01	-0.19	-1.98	4.33	-0.22	4.75	0.0	0.24	-6.93	0.0
1FW7	TYR-A0078_	8888.0			0.0	0.0	0.0	0.72	5.41	-0.37	-3.8	0.0	0.0	1.26	3.22
1FW7	ARG+A0083_	8888.0			-0.01	-0.0	0.0	1.24	0.9	0.0	1.5	0.0	0.23	-4.99	-1.13
1FW7	ARG+A0087_	8888.0			-0.0	-0.0	0.0	0.37	2.63	0.0	1.5	0.0	0.19	-6.69	-2.01
1FW7	TYR-A0090_	8888.0			0.0	0.0	0.0	-1.31	7.43	-0.37	-3.8	0.0	0.23	3.1	5.28
1FW7	TYR-A0103_	8888.0			0.0	0.0	0.0	-1.78	6.25	-0.37	-3.8	0.0	0.1	3.91	4.31
1FW7	LYS+A0108_	8888.0			-0.01	-0.0	0.0	0.54	0.74	0.29	3.6	0.0	0.0	-5.22	-0.06
1GB1	TYR-A0003_	8888.0			0.0	0.0	0.0	-1.0	3.91	-0.37	-3.8	0.0	0.0	3.26	2.0
1GB1	TYR-A0045_	8888.0			0.0	0.0	0.0	-2.02	3.5	-0.37	-3.8	0.0	0.0	2.92	0.23
1GOA	CYS-A0013_	8888.0			0.0	0.02	0.0	-1.24	8.4	0.0	-4.9	0.0	0.38	5.05	7.71
1GOA	ARG+A0027_	8888.0			-0.0	-0.0	0.0	0.42	0.65	0.0	1.5	0.0	0.47	-5.15	-2.12
1GOA	TYR-A0039_	8888.0			0.0	0.0	0.0	-1.34	3.96	-0.37	-3.8	0.0	0.29	2.78	1.52
1GOA	ARG+A0046_	8888.0			-0.01	-0.0	0.0	3.63	2.65	0.0	1.5	0.0	0.35	-13.07	-4.96
1GOA	CYS-A0063_	8888.0			0.0	-0.0	0.0	0.86	4.12	0.0	-4.9	0.0	0.2	4.75	5.03
1GOA	ARG+A0106_	8888.0			-0.0	-0.0	0.0	0.62	0.31	0.0	1.5	0.0	0.39	-4.28	-1.46
1GOA	HIS+A0114_	-8888.0			-0.0	0.01	0.0	4.29	2.31	-0.73	-6.98	0.0	0.0	2.05	0.95
1GOA	CYS-A0133_	8888.0			0.0	0.01	0.0	-1.24	9.09	0.0	-4.9	0.0	0.33	4.96	8.25
1GOA	ARG+A0138_	8888.0			-0.01	-0.0	-0.0	0.16	0.21	0.0	1.5	0.0	0.29	-2.48	-0.33
1GOA	ASP-A0148_	-8888.0			-0.0	-0.04	-0.25	-4.33	6.05	-0.62	4.75	0.0	0.01	-8.45	-2.88
1GOA	TYR-A0151_	8888.0			0.0	0.0	0.0	-0.5	3.43	-0.37	-3.8	0.0	0.3	1.5	0.56
1HHO	TYR-A0024_	8888.0			0.0	0.0	-0.01	0.53	4.0	-0.37	-3.8	0.0	0.3	1.8	2.45
1HHO	GLU-A0027_	-8888.0			-0.05	0.01	-0.25	0.28	3.31	-0.22	4.75	0.0	0.03	-8.07	-0.2
1HHO	ARG+A0031_	8888.0			-0.0	0.01	0.0	-1.64	3.95	0.0	1.5	0.0	0.62	-10.17	-5.73
1HHO	HIS+A0058_	-8888.0			-0.0	0.05	0.0	1.54	3.62	-0.73	-6.98	0.0	0.25	4.61	2.35
1HHO	HIS+A0103_	-8888.0			-0.0	0.15	-0.0	1.03	2.84	-0.73	-6.98	0.0	0.34	4.76	1.42
1HHO	CYS-A0104_	8888.0			0.0	0.01	0.0	-0.82	9.56	0.0	-4.9	0.0	0.27	-0.46	3.67
1HHO	HIS+A0122_	-8888.0			-0.0	-0.0	0.0	1.97	4.04	-0.73	-6.98	0.0	0.0	102.57	100.86
1HHO	TYR-A0140_	8888.0			0.0	0.0	-0.01	1.55	3.37	-0.37	-3.8	0.0	0.29	0.27	1.31
1HHO	GLU-B0026_	-8888.0			-0.01	0.0	-0.25	-0.37	4.57	-0.22	4.75	0.0	0.0	-9.52	-1.05
1HHO	ARG+B0030_	8888.0			-0.0	-0.01	0.0	-0.09	3.4	0.0	1.5	0.0	0.46	-11.13	-5.87
1HHO	TYR-B0035_	8888.0			0.0	0.0	0.0	-0.91	3.61	-0.37	-3.8	0.0	0.23	2.29	1.06
1HHO	CYS-B0093_	8888.0			0.0	0.02	0.0	0.3	7.99	0.0	-4.9	0.0	0.45	-0.65	3.21
1HHO	CYS-B0112_	8888.0			0.0	0.01	0.0	-1.08	6.52	0.0	-4.9	0.0	0.41	0.33	1.29
1HHO	TYR-B0130_	8888.0			0.0	0.0	0.0	0.19	8.02	-0.37	-3.8	0.0	0.0	1.2	5.24
1HHO	TYR-B0145_	8888.0			0.0	0.0	-0.01	2.03	3.78	-0.37	-3.8	0.0	0.11	0.65	2.4
1HNG	ARG+A0031_	8888.0			-0.01	-0.0	0.0	0.21	0.12	0.0	1.5	0.0	0.43	-4.85	-2.6
1HNG	ARG+A0034_	8888.0			-0.0	-0.0	0.0	-0.59	1.54	0.0	1.5	0.0	0.45	-3.07	-0.18
1HNG	ARG+A0044_	8888.0			-0.0	-0.01	0.0	-2.23	1.36	0.0	1.5	0.0	0.34	-2.15	-1.19
1HNG	TYR-A0076_	8888.0			0.0	0.0	0.0	3.15	8.29	-0.37	-3.8	0.0	0.04	-3.39	3.92
1HNG	TYR-A0107_	8888.0			0.0	0.0	0.0	-0.25	3.8	-0.37	-3.8	0.0	0.04	5.63	5.07
1HNG	ARG+A0140_	8888.0			-0.01	-0.0	0.0	-0.17	0.01	0.0	1.5	0.0	0.19	-1.68	-0.16
1HNG	ARG+B0031_	8888.0			-0.01	-0.0	0.0	0.29	0.7	0.0	1.5	0.0	0.34	-5.12	-2.29
1HNG	ARG+B0034_	8888.0			-0.0	-0.0	0.0	-0.61	1.59	0.0	1.5	0.0	0.43	-2.79	0.11
1HNG	ARG+B0044_	8888.0			-0.01	-0.0	0.0	-1.83	1.98	0.0	1.5	0.0	0.23	-2.16	-0.28
1HNG	TYR-B0076_	8888.0			0.0	0.0	0.0	2.12	8.85	-0.37	-3.8	0.0	0.04	-0.09	6.74
1HNG	LYS+B0103_	8888.0			-0.01	-0.01	0.0	-0.48	4.99	0.29	3.6	0.0	0.0	-9.03	-0.64
1HNG	TYR-B0107_	8888.0			0.0	0.0	0.0	-0.12	1.63	-0.37	-3.8	0.0	0.02	4.67	2.03
1HNG	ARG+B0140_	8888.0			-0.01	-0.0	0.0	-0.14	-0.15	0.0	1.5	0.0	0.4	-1.85	-0.25
1HNG	GLU-B0170_	8888.0			0.04	-0.0	-0.05	0.99	2.67	-0.22	-9.25	0.0	0.16	7.75	2.09
1HRC	ARG+A0038_	8888.0			-0.01	-0.01	0.0	-1.2	1.5	0.0	1.5	0.0	0.4	-3.74	-1.57
1HRC	TYR-A0048_	8888.0			0.0	0.0	0.0	-4.4	6.98	-0.37	-3.8	0.0	0.0	8.83	7.25
1HRC	TYR-A0067_	8888.0			0.0	0.0	0.0	-4.0	8.08	-0.37	-3.8	0.0	0.04	2.31	2.27
1HRC	LYS+A0072_	8888.0			-0.01	-91.2	0.0	0.44	4.03	0.29	3.6	0.0	0.0	-0.55	-83.4
1HRC	TYR-A0074_	8888.0			0.0	0.0	0.0	-1.0	3.42	-0.37	-3.8	0.0	0.19	1.94	0.38
1HRC	ARG+A0091_	8888.0			-0.0	-0.0	0.0	-2.89	2.03	0.0	1.5	0.0	0.27	-2.7	-1.8
1HV0	TYR-A0026_	8888.0			-0.0	0.01	0.0	0.99	9.65	-0.37	-3.8	0.0	0.02	0.75	7.25
1HV0	TYR-A0053_	8888.0			0.0	0.0	-0.03	-1.92	6.07	-0.37	-3.8	0.0	0.29	8.64	8.9
1HV0	TYR-A0065_	8888.0			0.0	0.0	0.0	-0.77	2.61	-0.37	-3.8	0.0	0.0	4.87	2.55
1HV0	TYR-A0069_	8888.0			0.0	-0.0	-0.0	-0.84	4.28	-0.37	-3.8	0.0	0.07	9.13	8.47
1HV0	ARG+A0073_	8888.0			-0.01	-0.0	0.0	0.67	0.55	0.0	1.5	0.0	0.49	-3.09	0.11
1HV0	TYR-A0079_	8888.0			0.0	0.0	0.0	-1.58	8.95	-0.37	-3.8	0.0	0.05	0.54	3.79
1HV0	ASP-A0083_	-8888.0			-0.0	-0.08	-0.25	-1.28	8.7	-0.62	4.75	0.0	0.03	-15.71	-4.47
1HV0	ARG+A0089_	8888.0			-0.01	-0.0	0.0	-1.53	2.34	0.0	1.5	0.0	0.1	-3.88	-1.49
1HV0	TYR-A0105_	8888.0			0.0	0.0	-0.01	-0.33	7.3	-0.37	-3.8	0.0	0.36	9.25	12.41
1HV0	ARG+A0112_	8888.0			-0.01	-0.0	0.0	0.67	0.3	0.0	1.5	0.0	0.42	-4.19	-1.3
1HV0	TYR-A0128_	8888.0			0.0	0.0	0.0	0.51	3.72	-0.37	-3.8	0.0	0.21	0.74	1.02
1HV0	ARG+A0136_	8888.0			-0.01	-0.0	0.0	0.01	1.4	0.0	1.5	0.0	0.2	-4.7	-1.6
1HV0	HIS+A0149_	-8888.0			-0.0	-0.0	0.0	2.48	5.46	-0.73	-6.98	0.0	0.0	45.54	45.75
1HV0	TYR-A0166_	8888.0			-0.0	-0.01	0.0	-1.2	4.6	-0.37	-3.8	0.0	0.16	3.66	3.06
1HV1	TYR-A0026_	8888.0			0.0	0.0	0.0	1.1	9.7	-0.37	-3.8	0.0	0.0	0.77	7.4
1HV1	TYR-A0053_	8888.0			0.0	0.0	-0.01	-1.98	6.14	-0.37	-3.8	0.0	0.33	8.73	9.05
1HV1	TYR-A0065_	8888.0			0.0	0.0	0.0	-0.77	2.39	-0.37	-3.8	0.0	0.0	5.2	2.66
1HV1	TYR-A0069_	8888.0			0.0	0.0	-0.0	-0.9	4.14	-0.37	-3.8	0.0	0.1	8.7	7.86
1HV1	ARG+A0073_	8888.0			-0.01	-0.0	0.0	0.65	0.55	0.0	1.5	0.0	0.42	-2.99	0.12
1HV1	TYR-A0079_	8888.0			0.0	0.0	0.0	-2.05	9.15	-0.37	-3.8	0.0	0.0	0.33	3.27
1HV1	TYR-A0080_	8888.0			0.0	0.0	-0.05	-0.64	3.38	-0.37	-3.8	0.0	0.29	8.19	7.01
1HV1	ASP-A0083_	-8888.0			-0.0	-0.08	-0.25	-1.51	9.09	-0.62	4.75	0.0	0.05	-15.9	-4.47
1HV1	ARG+A0089_	8888.0			-0.01	0.03	0.0	-1.54	2.36	0.0	1.5	0.0	0.06	-4.12	-1.73
1HV1	TYR-A0105_	8888.0			0.0	0.0	-0.01	-0.59	8.52	-0.37	-3.8	0.0	0.36	10.62	14.73
1HV1	ARG+A0112_	8888.0			-0.0	-0.0	0.0	0.59	0.03	0.0	1.5	0.0	0.47	-4.28	-1.7
1HV1	TYR-A0128_	8888.0			0.0	0.0	0.0	-0.13	3.95	-0.37	-3.8	0.0	0.0	0.6	0.26
1HV1	ARG+A0136_	8888.0			-0.01	-0.0	0.0	0.1	1.29	0.0	1.5	0.0	0.2	-4.86	-1.78
1HV1	HIS+A0149_	-8888.0			-0.0	-0.0	0.0	2.5	5.55	-0.73	-6.98	0.0	0.0	28.56	28.88
1HV1	TYR-A0166_	8888.0			0.0	0.0	0.0	-1.29	4.45	-0.37	-3.8	0.0	0.0	3.96	2.96
1IG5	TYR-A0013_	8888.0			0.0	0.0	-0.03	-0.36	3.06	-0.37	-3.8	0.0	0.47	3.21	2.18
1IG5	GLU-A0027_	8888.0			-0.01	0.01	-0.23	-0.09	4.55	-0.22	-9.25	0.0	0.21	6.41	1.37
1IGC	TYR-A0008_	8888.0			0.0	0.0	0.0	-0.29	3.44	-0.37	-3.8	0.0	0.0	1.26	0.25
1IGC	TYR-A0038_	8888.0			0.0	0.0	0.0	-0.75	5.72	-0.37	-3.8	0.0	0.0	1.97	2.77
1IGC	TYR-A0050_	8888.0			0.0	0.0	-0.04	-0.7	4.05	-0.37	-3.8	0.0	0.1	4.21	3.45
1IGC	GLU-H0006_	-8888.0			-0.04	-0.1	-0.23	-9.1	6.92	-0.22	4.75	0.0	0.14	-3.27	-1.14
1IGC	HIS+H0035_	-8888.0			-0.0	-0.01	0.0	1.46	5.59	-0.73	-6.98	0.0	0.3	3.2	2.82
1IGC	ARG+H0038_	8888.0			-0.0	-0.0	0.0	0.65	1.98	0.0	1.5	0.0	0.47	-8.81	-4.22
1IGC	ARG+H0072_	8888.0			-0.01	-0.01	0.0	-2.7	4.65	0.0	1.5	0.0	0.39	-4.43	-0.61
1IGC	ASP-H0090_	-8888.0			-0.0	-0.01	-0.01	-2.8	4.38	-0.62	4.75	0.0	0.24	-9.03	-3.12
1IGC	TYR-H0094_	8888.0			0.0	0.0	-0.01	2.39	7.38	-0.37	-3.8	0.0	0.29	1.93	7.81
1IGC	TYR-H0095_	8888.0			0.0	0.0	0.0	-1.15	4.29	-0.37	-3.8	0.0	0.0	4.46	3.44
1IGC	ARG+H0098_	8888.0			-0.0	-0.0	0.0	0.94	2.34	0.0	1.5	0.0	0.29	-6.76	-1.7
1IGC	TYR-H0129_	8888.0			0.0	0.0	-0.01	3.06	3.4	-0.37	-3.8	0.0	0.31	3.55	6.14
1IGC	TYR-H0152_	8888.0			0.0	0.0	0.0	-1.25	7.7	-0.37	-3.8	0.0	0.01	8.4	10.69
1IGC	HIS+H0206_	-8888.0			-0.0	-0.01	0.0	3.69	4.81	-0.73	-6.98	0.0	0.0	20.82	21.59
1IGC	ARG+H0220_	8888.0			-0.01	-0.0	0.0	0.46	0.44	0.0	1.5	0.0	0.49	-2.46	0.41
1IGC	TYR-L0036_	8888.0			0.0	0.0	0.0	-2.39	6.75	-0.37	-3.8	0.0	0.0	4.35	4.54
1IGC	TYR-L0055_	8888.0			0.0	0.01	-0.01	-0.57	3.18	-0.37	-3.8	0.0	0.35	5.23	4.01
1IGC	ARG+L0061_	8888.0			0.0	-0.0	0.0	0.34	2.04	0.0	1.5	0.0	0.21	-5.4	-1.32
1IGC	TYR-L0086_	8888.0			0.0	0.0	-0.0	3.72	9.51	-0.37	-3.8	0.0	0.0	4.17	13.24
1IGC	HIS+L0087_	-8888.0			-0.0	-0.01	-0.0	3.59	2.81	-0.73	-6.98	0.0	0.03	4.14	2.84
1IGC	TYR-L0094_	8888.0			0.0	0.0	-0.01	-1.51	4.37	-0.37	-3.8	0.0	0.29	5.02	3.99
1IGC	TYR-L0096_	8888.0			0.0	0.0	0.0	-1.24	3.32	-0.37	-3.8	0.0	0.0	3.15	1.05
1IGC	LYS+L0103_	8888.0			0.01	-0.06	-0.09	0.08	2.25	0.29	3.6	0.0	0.3	-8.47	-2.09
1IGC	ARG+L0108_	8888.0			-0.0	-0.01	0.0	-2.87	1.89	0.0	1.5	0.0	0.42	-2.61	-1.68
1IGC	TYR-L0172_	8888.0			0.0	0.0	0.0	-0.62	2.96	-0.37	-3.8	0.0	0.0	3.06	1.22
1IGC	TYR-L0185_	8888.0			0.0	0.0	0.0	0.53	6.05	-0.37	-3.8	0.0	0.3	-0.65	2.06
1IGC	TYR-L0191_	8888.0			0.0	0.0	0.0	4.89	8.65	-0.37	-3.8	0.0	0.03	-0.94	8.47
1IGC	HIS+L0197_	-8888.0			-0.0	-0.39	0.0	4.94	4.41	-0.73	-6.98	0.0	0.04	7.17	8.46
1IGC	ARG+L0210_	8888.0			-0.0	0.0	0.0	-2.62	1.76	0.0	1.5	0.0	0.33	-2.14	-1.16
1IGD	TYR-A0008_	8888.0			0.0	0.0	0.0	-0.84	4.06	-0.37	-3.8	0.0	0.29	2.22	1.57
1IGD	TYR-A0050_	8888.0			0.0	0.0	-0.01	-1.59	5.15	-0.37	-3.8	0.0	0.03	4.43	3.85
1IGV	TYR-A0013_	8888.0			-0.0	0.0	-0.02	-0.15	3.47	-0.37	-3.8	0.0	0.27	4.2	3.61
1JAS	ARG+A0015_	8888.0			-0.0	-0.0	0.0	0.15	-0.02	0.0	1.5	0.0	0.34	-1.77	0.2
1JAS	TYR-A0063_	8888.0			0.0	0.0	0.0	-1.11	3.66	-0.37	-3.8	0.0	0.01	6.88	5.26
1JAS	ARG+A0071_	8888.0			-0.0	-0.0	0.0	-1.01	0.93	0.0	1.5	0.0	0.37	-2.51	-0.73
1JAS	ARG+A0135_	8888.0			-0.0	-0.0	0.0	0.16	0.12	0.0	1.5	0.0	0.41	-2.37	-0.19
1JAS	TYR-A0137_	8888.0			0.0	0.0	0.0	-0.34	5.2	-0.37	-3.8	0.0	0.0	3.17	3.86
1JBB	ARG+A0007_	8888.0			-0.01	-0.0	0.0	0.25	1.82	0.0	1.5	0.0	0.09	-4.27	-0.63
1JBB	GLU-A0011_	-8888.0			-0.03	-0.01	-0.25	-3.21	5.65	-0.22	4.75	0.0	0.0	-7.06	-0.38
1JBB	TYR-A0047_	8888.0			0.0	0.0	0.0	2.34	9.1	-0.37	-3.8	0.0	0.02	3.0	10.3
1JBB	TYR-A0057_	8888.0			0.0	0.0	0.0	0.23	2.16	-0.37	-3.8	0.0	0.0	2.27	0.49
1JBB	TYR-A0062_	8888.0			0.0	0.0	0.0	-2.75	8.95	-0.37	-3.8	0.0	0.0	8.14	10.17
1JBB	LYS+A0068_	8888.0			-0.1	0.0	-0.11	-1.2	1.68	0.29	3.6	0.0	0.24	-4.23	0.17
1JBB	ARG+A0070_	8888.0			-0.0	-0.0	0.0	-0.93	-0.01	0.0	1.5	0.0	0.53	-3.02	-1.94
1JBB	TYR-A0076_	8888.0			0.0	0.0	0.0	-0.8	3.66	-0.37	-3.8	0.0	0.15	6.25	5.08
1JBB	HIS+A0077_	-8888.0			-0.0	-0.01	0.0	6.27	5.44	-0.73	-6.98	0.0	-0.0	-0.62	3.37
1JBB	ARG+A0082_	-8888.0			73.95	0.0	0.0	3.5	0.91	0.0	-12.5	0.0	0.0	0.57	66.43
1JBB	ARG+A0085_	8888.0			-0.01	-0.0	0.0	0.28	-0.17	0.0	1.5	0.0	0.3	-1.78	0.14
1JBB	LYS+A0137_	8888.0			-0.0	-0.0	0.0	0.46	1.74	0.29	3.6	0.0	0.0	-6.84	-0.75
1JBB	ARG+B0007_	8888.0			-0.0	0.06	0.0	0.15	1.52	0.0	1.5	0.0	0.14	-4.69	-1.31
1JBB	GLU-B0011_	-8888.0			-0.01	-0.08	-0.25	-3.9	6.71	-0.22	4.75	0.0	0.0	-8.76	-1.76
1JBB	TYR-B0047_	8888.0			0.0	0.0	0.0	2.12	9.22	-0.37	-3.8	0.0	0.03	1.59	8.8
1JBB	TYR-B0057_	8888.0			0.0	0.0	0.0	-0.06	1.85	-0.37	-3.8	0.0	0.0	2.5	0.12
1JBB	TYR-B0062_	8888.0			0.0	0.0	0.0	-2.83	8.99	-0.37	-3.8	0.0	0.0	7.96	9.96
1JBB	ARG+B0070_	8888.0			-0.0	-0.0	-0.0	-0.22	0.09	0.0	1.5	0.0	0.42	-3.27	-1.47
1JBB	TYR-B0076_	8888.0			0.0	0.0	0.0	-0.8	3.28	-0.37	-3.8	0.0	0.0	2.77	1.08
1JBB	HIS+B0077_	-8888.0			-0.0	0.0	0.0	7.32	5.68	-0.73	-6.98	0.0	0.0	-0.09	5.19
1JBB	CYS-B0087_	8888.0			0.0	0.01	0.0	-0.21	2.47	0.0	-4.9	0.0	0.44	2.63	0.44
1JBB	ARG+B0141_	8888.0			-0.01	-0.0	0.0	-0.1	0.29	0.0	1.5	0.0	0.34	-1.73	0.29
1KF3	ARG+A0010_	8888.0			-0.0	-0.0	0.0	-0.84	0.71	0.0	1.5	0.0	0.32	-3.41	-1.72
1KF3	TYR-A0025_	8888.0			0.0	0.0	-0.02	-1.49	7.24	-0.37	-3.8	0.0	0.41	6.59	8.57
1KF3	ARG+A0033_	8888.0			-0.01	-0.0	0.0	-1.68	0.81	0.0	1.5	0.0	0.22	-0.86	-0.0
1KF3	TYR-A0073_	8888.0			0.0	0.0	0.0	1.05	2.55	-0.37	-3.8	0.0	0.25	1.38	1.06
1KF3	ARG+A0085_	8888.0			-0.01	-0.0	0.0	0.17	-0.32	0.0	1.5	0.0	0.4	-1.87	-0.14
1KF3	TYR-A0097_	8888.0			0.0	0.0	0.0	1.71	8.33	-0.37	-3.8	0.0	0.0	2.05	7.92
1KXI	ARG+A0038_	8888.0			-0.0	-0.0	0.0	-1.28	1.78	0.0	1.5	0.0	0.16	-4.79	-2.64
1KXI	CTR-A0062_	-8888.0			0.01	0.06	-0.21	-0.14	4.5	0.0	3.75	0.0	0.18	-10.21	-2.05
1KXI	ARG+B0038_	8888.0			-0.0	-0.01	0.0	-1.48	1.42	0.0	1.5	0.0	0.49	-3.83	-1.91
1KXI	CTR-B0062_	-8888.0			0.01	0.04	-0.1	-0.19	3.61	0.0	3.75	0.0	0.34	-10.06	-2.61
1L54	ARG+A0008_	8888.0			-0.0	-0.0	0.0	-0.13	0.04	0.0	1.5	0.0	0.32	-1.4	0.32
1L54	ASP-A0010_	-8888.0			-0.0	-0.04	-0.28	-1.36	8.46	-0.62	4.75	0.0	0.33	-17.06	-5.81
1L54	ARG+A0014_	8888.0			-0.01	-0.0	0.0	-0.26	0.06	0.0	1.5	0.0	0.4	-1.53	0.16
1L54	TYR-A0018_	8888.0			0.0	0.0	0.0	-0.2	3.97	-0.37	-3.8	0.0	0.0	2.3	1.91
1L54	ARG+A0052_	8888.0			-0.01	-0.01	0.0	0.21	0.08	0.0	1.5	0.0	0.32	-4.66	-2.57
1L54	ARG+A0076_	8888.0			-0.0	-0.0	0.0	-0.01	-0.06	0.0	1.5	0.0	0.41	-2.71	-0.87
1L54	ASP-A0092_	-8888.0			-0.01	-0.02	-0.25	-4.24	4.1	-0.62	4.75	0.0	0.27	-4.2	-0.22
1L54	ARG+A0095_	8888.0			-0.0	-0.0	0.0	-1.84	2.27	0.0	1.5	0.0	0.3	-3.54	-1.32
1L54	ARG+A0096_	8888.0			-0.01	-0.0	0.0	-2.33	1.52	0.0	1.5	0.0	0.3	-2.71	-1.72
1L54	LYS+A0102_	-8888.0			0.12	-0.0	0.0	0.63	9.33	0.29	-10.4	0.0	0.0	1.06	1.02
1L54	ARG+A0137_	8888.0			-0.01	-0.0	-0.0	0.08	-0.34	0.0	1.5	0.0	0.32	-1.36	0.2
1L54	ARG+A0145_	8888.0			-0.01	-0.0	0.0	0.49	2.4	0.0	1.5	0.0	0.04	-10.31	-5.89
1L54	ARG+A0148_	8888.0			-0.01	-0.0	0.0	0.12	1.73	0.0	1.5	0.0	0.3	-6.11	-2.47
1L54	TYR-A0161_	8888.0			0.0	0.0	-0.02	-1.32	9.29	-0.37	-3.8	0.0	0.46	6.99	11.24
1LNI	ASP-A0033_	-8888.0			-0.01	0.01	-0.22	-6.79	8.4	-0.62	4.75	0.0	0.17	-7.14	-1.45
1LNI	TYR-A0051_	8888.0			0.0	0.0	0.0	-2.41	3.55	-0.37	-3.8	0.0	0.01	7.28	4.27
1LNI	TYR-A0052_	8888.0			0.0	0.0	0.0	-2.13	7.48	-0.37	-3.8	0.0	0.21	3.87	5.28
1LNI	TYR-A0055_	8888.0			0.0	0.0	0.0	-0.98	2.52	-0.37	-3.8	0.0	0.28	2.77	0.43
1LNI	ARG+A0065_	8888.0			-0.01	-0.0	0.0	1.68	2.22	0.0	1.5	0.0	0.28	-6.65	-0.98
1LNI	ARG+A0069_	8888.0			-0.0	-0.0	0.0	-0.33	2.57	0.0	1.5	0.0	0.37	-5.27	-1.16
1LNI	TYR-A0080_	8888.0			0.0	0.0	0.0	-1.78	4.78	-0.37	-3.8	0.0	0.0	7.56	6.39
1LNI	TYR-A0086_	8888.0			0.0	0.0	0.0	-2.07	4.46	-0.37	-3.8	0.0	0.0	5.79	4.01
1LNI	TYR-B0051_	8888.0			0.0	0.0	0.0	-2.42	3.06	-0.37	-3.8	0.0	0.02	6.74	3.23
1LNI	TYR-B0052_	8888.0			0.0	0.0	0.0	-1.79	6.46	-0.37	-3.8	0.0	0.2	2.26	2.96
1LNI	TYR-B0055_	8888.0			0.0	0.0	0.0	-0.74	3.02	-0.37	-3.8	0.0	0.26	2.59	0.97
1LNI	ARG+B0069_	8888.0			-0.0	-0.0	0.0	-0.1	2.26	0.0	1.5	0.0	0.15	-7.08	-3.28
1LNI	TYR-B0080_	8888.0			0.0	0.0	0.0	-1.58	4.04	-0.37	-3.8	0.0	0.01	6.24	4.55
1LNI	TYR-B0081_	8888.0			0.0	0.0	0.0	-1.62	4.5	-0.37	-3.8	0.0	0.0	1.6	0.3
1LNI	TYR-B0086_	8888.0			0.0	0.0	0.0	-1.88	3.46	-0.37	-3.8	0.0	0.04	3.37	0.82
1LSE	ARG+A0021_	8888.0			-0.0	-0.0	0.0	-0.47	-0.11	0.0	1.5	0.0	0.42	-1.97	-0.63
1LSE	ARG+A0045_	8888.0			-0.01	-0.0	0.0	-0.07	0.03	0.0	1.5	0.0	0.46	-1.29	0.62
1LSE	TYR-A0053_	8888.0			0.0	0.0	0.0	-1.54	3.82	-0.37	-3.8	0.0	0.0	7.51	5.62
1LYS	TYR-A0053_	8888.0			0.0	0.0	-0.01	-1.31	4.94	-0.37	-3.8	0.0	0.4	7.7	7.56
1LYS	ARG+A0068_	8888.0			-0.01	-0.0	0.0	0.14	-0.1	0.0	1.5	0.0	0.49	-2.02	0.0
1LYS	ARG+B0021_	8888.0			-0.01	-0.0	0.0	0.06	-0.17	0.0	1.5	0.0	0.38	-2.23	-0.47
1LYS	TYR-B0053_	8888.0			0.0	0.0	-0.01	-0.77	3.34	-0.37	-3.8	0.0	0.58	2.1	1.06
1LZ1	TYR-A0038_	8888.0			0.0	0.0	0.0	-0.13	4.96	-0.37	-3.8	0.0	0.0	1.11	1.78
1LZ1	ARG+A0041_	8888.0			-0.01	-0.0	0.0	0.17	-0.42	0.0	1.5	0.0	0.42	-1.43	0.23
1LZ1	TYR-A0054_	8888.0			0.0	0.0	0.0	-1.23	2.73	-0.37	-3.8	0.0	0.0	7.84	5.18
1LZ1	ARG+A0101_	8888.0			-0.01	-0.0	0.0	-0.42	0.03	0.0	1.5	0.0	0.31	-1.37	0.04
1LZ3	TYR-A0003_	8888.0			0.0	0.0	0.0	1.65	3.42	-0.37	-3.8	0.0	0.04	2.53	3.46
1LZ3	ARG+A0021_	8888.0			-0.01	-0.0	0.0	-1.14	0.48	0.0	1.5	0.0	0.13	-1.34	-0.38
1LZ3	TYR-A0053_	8888.0			0.0	0.0	0.0	-2.07	3.68	-0.37	-3.8	0.0	0.0	7.56	5.02
1MBC	HIS+A0024_	-8888.0			-0.0	-0.0	0.0	-0.67	4.32	-0.73	-6.98	0.0	0.0	107.3	103.23
1MBC	ARG+A0045_	8888.0			-0.01	-0.0	0.0	0.47	0.5	0.0	1.5	0.0	0.42	-4.28	-1.39
1MBC	HIS+A0082_	-8888.0			-0.0	-0.01	0.0	2.62	2.37	-0.73	-6.98	0.0	0.17	2.8	0.25
1MBC	ARG+A0118_	8888.0			-0.01	-0.0	0.0	-0.1	0.66	0.0	1.5	0.0	0.53	-3.49	-0.91
1MBC	TYR-A0146_	8888.0			0.0	0.0	0.0	1.43	8.9	-0.37	-3.8	0.0	0.0	3.13	9.3
1MEK	ARG+A0013_	8888.0			-0.01	-0.0	0.0	0.84	0.28	0.0	1.5	0.0	0.48	-3.16	-0.08
1MEK	TYR-A0032_	8888.0			0.0	0.0	-0.11	-1.42	2.69	-0.37	-3.8	0.0	0.23	6.39	3.6
1MEK	TYR-A0046_	8888.0			0.0	0.0	0.0	-1.88	5.07	-0.37	-3.8	0.0	0.0	4.35	3.37
1MEK	ARG+A0061_	8888.0			-0.01	-0.0	0.0	-0.73	0.5	0.0	1.5	0.0	0.28	-1.99	-0.44
1MEK	TYR-A0099_	8888.0			0.0	0.0	0.0	-0.92	6.55	-0.37	-3.8	0.0	0.0	2.62	4.08
1MEK	ARG+A0115_	8888.0			-0.0	-0.0	0.0	-0.51	0.12	0.0	1.5	0.0	0.44	-2.0	-0.46
1MUT	ARG+A0022_	8888.0			-0.01	-0.0	0.0	0.63	0.75	0.0	1.5	0.0	0.56	-3.45	-0.02
1NZP	TYR-A0279_	8888.0			0.0	0.0	0.0	-0.76	4.24	-0.37	-3.8	0.0	0.27	2.82	2.4
1P5F	ARG+A0005_	8888.0			-0.01	-0.0	0.0	-0.56	0.38	0.0	1.5	0.0	0.39	-1.49	0.22
1P5F	GLU-A0018_	8888.0			-0.01	0.01	-0.0	-7.05	7.77	-0.22	-9.25	0.0	0.02	10.83	2.09
1P5F	ARG+A0028_	8888.0			-0.01	-0.0	0.0	-0.09	-0.21	0.0	1.5	0.0	0.55	-2.12	-0.37
1P5F	CYS-A0046_	8888.0			0.0	0.01	0.0	-2.79	8.5	0.0	-4.9	0.0	0.44	5.8	7.05
1P5F	TYR-A0067_	8888.0			0.0	0.0	0.0	2.05	5.39	-0.37	-3.8	0.0	0.05	1.18	4.5
1P5F	ARG+A0098_	8888.0			-0.01	-0.0	0.0	-0.47	0.26	0.0	1.5	0.0	0.19	-1.38	0.09
1P5F	HIS+A0115_	-8888.0			-0.0	-0.01	0.0	-1.16	3.76	-0.73	-6.98	0.0	0.0	100.79	95.67
1P5F	HIS+A0126_	-8888.0			-0.0	0.01	0.0	5.81	1.27	-0.73	-6.98	0.0	0.0	1.69	1.06
1P5F	TYR-A0139_	8888.0			0.0	0.0	0.0	2.39	9.04	-0.37	-3.8	0.0	0.01	2.3	9.57
1P5F	ARG+A0145_	8888.0			-0.01	-0.0	-0.0	0.37	0.0	0.0	1.5	0.0	0.29	-3.74	-1.59
1P5F	ARG+A0156_	8888.0			-0.0	-0.0	0.0	-1.8	1.41	0.0	1.5	0.0	0.3	-5.34	-3.94
1PGA	TYR-A0003_	8888.0			0.0	0.0	0.0	-0.99	5.43	-0.37	-3.8	0.0	0.0	2.71	2.97
1PGA	TYR-A0045_	8888.0			0.0	0.0	0.0	-1.78	4.96	-0.37	-3.8	0.0	0.02	4.84	3.87
1PGB	TYR-A0003_	8888.0			0.0	0.0	0.0	-0.5	4.72	-0.37	-3.8	0.0	0.26	2.38	2.69
1PGB	TYR-A0045_	8888.0			0.0	0.0	-0.01	-1.63	4.99	-0.37	-3.8	0.0	0.02	4.67	3.88
1PNT	CYS-A0012_	-8888.0			0.0	0.02	-0.03	-19.85	9.47	0.0	9.1	0.0	0.19	-10.96	-12.07
1PNT	CYS-A0017_	8888.0			0.0	0.01	-0.0	-6.67	8.06	0.0	-4.9	0.0	0.34	7.37	4.21
1PNT	ARG+A0018_	8888.0			-0.01	-0.0	0.0	7.59	3.38	0.0	1.5	0.0	0.51	-13.54	-0.58
1PNT	GLU-A0023_	-8888.0			-0.0	-0.01	-0.05	-2.22	3.37	-0.22	4.75	0.0	0.22	-6.86	-1.01
1PNT	ARG+A0027_	8888.0			-0.0	-0.0	0.0	0.4	0.06	0.0	1.5	0.0	0.5	-3.41	-0.96
1PNT	ASP-A0056_	-8888.0			-0.02	0.0	-0.25	-4.15	4.28	-0.62	4.75	0.0	0.03	-6.57	-2.55
1PNT	ARG+A0058_	8888.0			-0.0	-0.01	0.0	0.3	1.08	0.0	1.5	0.0	0.43	-7.15	-3.86
1PNT	CYS-A0062_	8888.0			0.0	0.01	0.0	-1.7	5.84	0.0	-4.9	0.0	0.41	3.66	3.32
1PNT	ARG+A0064_	-8888.0			-0.0	81.4	0.0	2.97	1.28	0.0	-12.5	0.0	0.0	-0.31	72.84
1PNT	ARG+A0075_	8888.0			-0.01	-0.01	0.0	0.08	1.21	0.0	1.5	0.0	0.44	-7.58	-4.36
1PNT	TYR-A0087_	8888.0			0.0	0.0	0.0	-0.08	2.2	-0.37	-3.8	0.0	0.0	2.35	0.29
1PNT	CYS-A0090_	8888.0			0.0	0.01	0.0	-5.82	9.29	0.0	-4.9	0.0	0.47	6.03	5.09
1PNT	ARG+A0097_	8888.0			-0.01	-0.0	0.0	0.55	-0.48	0.0	1.5	0.0	0.31	-1.67	0.2
1PNT	ARG+A0110_	8888.0			0.0	-0.0	0.0	-0.77	0.65	0.0	1.5	0.0	0.39	-3.15	-1.38
1PNT	TYR-A0119_	8888.0			0.0	0.0	-0.01	-0.1	3.02	-0.37	-3.8	0.0	0.37	9.26	8.37
1PNT	ASP-A0120_	-8888.0			-0.01	-0.03	-0.24	-6.67	7.32	-0.62	4.75	0.0	0.14	-7.09	-2.46
1PNT	TYR-A0142_	8888.0			0.0	0.0	0.0	-0.39	3.11	-0.37	-3.8	0.0	0.0	1.92	0.47
1PNT	CYS-A0145_	8888.0			0.0	0.01	0.0	-2.42	9.72	0.0	-4.9	0.0	0.4	4.26	7.07
1PNT	ARG+A0147_	8888.0			-0.01	-0.0	0.0	0.77	0.61	0.0	1.5	0.0	0.14	-4.22	-1.21
1PNT	CYS-A0148_	8888.0			0.0	0.02	0.0	-1.71	7.57	0.0	-4.9	0.0	0.39	4.06	5.42
1PNT	CYS-A0149_	8888.0			0.0	0.01	0.0	-1.5	9.73	0.0	-4.9	0.0	0.47	4.46	8.26
1PNT	ARG+A0157_	8888.0			-0.01	-0.0	0.0	-0.42	-0.09	0.0	1.5	0.0	0.43	-3.13	-1.71
1PPF	ARG+E0020_	8888.0			-0.01	-0.0	0.0	0.19	0.14	0.0	1.5	0.0	0.4	-3.38	-1.16
1PPF	HIS+E0040_	-8888.0			-0.0	-0.01	0.0	1.7	5.33	-0.73	-6.98	0.0	0.0	87.37	86.68
1PPF	GLU-E0077_	-8888.0			-0.01	-0.04	-0.25	-2.89	5.34	-0.22	4.75	0.0	0.0	-7.9	-1.21
1PPF	ARG+E0080_	8888.0			-0.01	-0.01	0.0	0.53	1.97	0.0	1.5	0.0	0.3	-5.23	-0.94
1PPF	TYR-E0094_	8888.0			0.0	0.0	0.0	-3.48	3.99	-0.37	-3.8	0.0	0.0	5.67	2.01
1PPF	ASP-E0102_	-8888.0			-0.0	-0.03	-0.26	-8.8	9.2	-0.62	4.75	0.0	0.22	-11.15	-6.7
1PPF	ASP-E0194_	-8888.0			-0.0	-0.3	-0.25	-7.99	9.91	-0.62	4.75	0.0	0.0	-14.59	-9.08
1PPF	TYR-I0011_	8888.0			0.0	0.0	0.0	-1.66	4.3	-0.37	-3.8	0.0	0.25	3.46	2.17
1PPF	GLU-I0019_	-8888.0			-0.01	0.01	-0.21	-2.32	2.8	-0.22	4.75	0.0	0.21	-4.48	0.53
1PPF	TYR-I0020_	8888.0			0.0	0.0	0.0	-0.69	3.73	-0.37	-3.8	0.0	0.3	1.35	0.52
1PPF	TYR-I0031_	8888.0			0.0	0.0	0.0	-2.07	2.7	-0.37	-3.8	0.0	0.0	9.29	5.75
1PPN	ARG+A0008_	8888.0			-0.0	-0.0	0.0	1.11	0.83	0.0	1.5	0.0	0.44	-6.34	-2.47
1PPN	GLU-A0035_	-8888.0			-0.01	-0.02	-0.06	-2.8	6.19	-0.22	4.75	0.0	0.27	-8.45	-0.35
1PPN	ARG+A0041_	8888.0			-0.0	-0.0	0.0	-1.1	0.2	0.0	1.5	0.0	0.36	-2.07	-1.11
1PPN	TYR-A0048_	8888.0			0.0	0.0	-0.0	-1.69	6.0	-0.37	-3.8	0.0	0.13	4.04	4.33
1PPN	GLU-A0050_	-8888.0			-0.01	0.01	-0.25	-3.77	5.5	-0.22	4.75	0.0	0.05	-9.18	-3.13
1PPN	GLU-A0052_	-8888.0			-0.05	-0.04	-0.25	-5.16	5.62	-0.22	4.75	0.0	0.0	-9.04	-4.39
1PPN	ASP-A0055_	-8888.0			-0.0	-0.09	-0.25	-3.82	8.87	-0.62	4.75	0.0	0.0	-14.13	-5.28
1PPN	ARG+A0058_	8888.0			-0.01	-0.01	0.0	-1.75	0.71	0.0	1.5	0.0	0.29	-1.35	-0.61
1PPN	ARG+A0059_	8888.0			-0.01	-0.0	0.0	0.17	-0.38	0.0	1.5	0.0	0.27	-3.06	-1.51
1PPN	ARG+A0083_	8888.0			-0.01	-0.0	-0.0	1.72	1.55	0.0	1.5	0.0	0.3	-9.3	-4.25
1PPN	TYR-A0086_	8888.0			0.0	0.0	-0.05	-3.95	8.18	-0.37	-3.8	0.0	0.4	10.45	10.85
1PPN	TYR-A0088_	8888.0			0.0	0.0	-0.0	-1.4	6.72	-0.37	-3.8	0.0	0.0	1.94	3.09
1PPN	ARG+A0093_	8888.0			-0.01	-0.0	0.0	0.43	-0.21	0.0	1.5	0.0	0.39	-2.21	-0.11
1PPN	ARG+A0096_	8888.0			-0.01	-0.0	0.0	0.06	2.46	0.0	1.5	0.0	0.25	-9.11	-4.85
1PPN	TYR-A0103_	8888.0			0.0	0.0	0.0	-1.02	2.07	-0.37	-3.8	0.0	0.25	3.44	0.57
1PPN	TYR-A0144_	8888.0			0.0	0.0	0.0	0.27	7.92	-0.37	-3.8	0.0	0.01	2.56	6.59
1PPN	TYR-A0166_	8888.0			0.0	0.0	0.0	-0.89	6.21	-0.37	-3.8	0.0	0.0	0.93	2.08
1PPN	TYR-A0186_	8888.0			0.0	0.0	0.0	-0.43	4.72	-0.37	-3.8	0.0	0.0	1.0	1.13
1PPN	ARG+A0188_	8888.0			-0.0	-0.0	0.0	0.73	1.14	0.0	1.5	0.0	0.46	-4.9	-1.07
1PPN	ARG+A0191_	8888.0			-0.0	-0.0	0.0	-1.25	1.99	0.0	1.5	0.0	0.33	-3.31	-0.76
1PPN	TYR-A0203_	8888.0			0.0	0.0	-0.01	-2.19	5.72	-0.37	-3.8	0.0	0.4	5.77	5.53
1PPO	ASP-A0006_	-8888.0			-0.01	0.0	-0.25	-3.08	4.3	-0.62	4.75	0.0	-0.0	-7.79	-2.69
1PPO	ARG+A0008_	8888.0			-0.01	-0.0	0.0	1.06	1.38	0.0	1.5	0.0	0.27	-6.1	-1.89
1PPO	ARG+A0017_	8888.0			-0.01	-0.0	0.0	1.32	2.4	0.0	1.5	0.0	0.02	-9.2	-3.97
1PPO	GLU-A0035_	-8888.0			-0.03	0.01	-0.25	-1.85	7.11	-0.22	4.75	0.0	0.0	-12.65	-3.13
1PPO	ARG+A0041_	8888.0			-0.0	-0.0	0.0	-0.9	0.88	0.0	1.5	0.0	0.4	-1.69	0.19
1PPO	GLU-A0050_	-8888.0			-0.01	0.01	-0.25	-4.35	8.0	-0.22	4.75	0.0	0.02	-13.48	-5.53
1PPO	ASP-A0055_	-8888.0			-0.0	-0.16	-0.25	-4.87	8.15	-0.62	4.75	0.0	0.03	-8.67	-1.65
1PPO	GLU-A0057_	-8888.0			-0.0	-0.04	-0.25	-6.0	6.21	-0.22	4.75	0.0	0.01	-6.57	-2.11
1PPO	ARG+A0059_	8888.0			-0.01	-0.0	0.0	1.37	0.53	0.0	1.5	0.0	0.64	-6.38	-2.35
1PPO	TYR-A0074_	8888.0			0.0	-0.0	-0.0	-1.14	4.12	-0.37	-3.8	0.0	0.04	8.82	7.68
1PPO	ARG+A0083_	8888.0			-0.0	-0.0	0.0	1.6	1.87	0.0	1.5	0.0	0.3	-7.66	-2.39
1PPO	TYR-A0086_	8888.0			0.0	0.0	-0.02	-5.47	8.54	-0.37	-3.8	0.0	0.45	12.6	11.94
1PPO	TYR-A0088_	8888.0			0.0	0.0	-0.0	-0.87	7.86	-0.37	-3.8	0.0	0.0	1.48	4.3
1PPO	ARG+A0112_	8888.0			-0.01	-0.0	0.0	-0.33	0.26	0.0	1.5	0.0	0.42	-1.87	-0.03
1PPO	TYR-A0144_	8888.0			0.0	0.0	0.0	0.23	7.84	-0.37	-3.8	0.0	0.01	3.47	7.38
1PPO	ASP-A0158_	-8888.0			-0.0	0.0	-0.4	-3.49	5.21	-0.62	4.75	0.0	0.03	-8.03	-2.55
1PPO	TYR-A0166_	8888.0			0.0	0.0	0.0	-0.82	5.89	-0.37	-3.8	0.0	0.3	1.11	2.31
1PPO	TYR-A0190_	8888.0			0.0	0.0	0.0	-0.24	4.48	-0.37	-3.8	0.0	0.0	0.89	0.96
1PPO	ARG+A0192_	8888.0			-0.0	-0.0	0.0	0.8	0.04	0.0	1.5	0.0	0.41	-5.34	-2.59
1PPO	TYR-A0207_	8888.0			0.0	0.0	0.0	1.51	7.81	-0.37	-3.8	0.0	0.01	1.99	7.16
1PTD	ARG+A0025_	8888.0			-0.01	-0.0	0.0	-4.39	3.43	0.0	1.5	0.0	0.36	-2.99	-2.09
1PTD	ASP-A0033_	-8888.0			-0.0	-0.04	-0.03	-1.96	3.02	-0.62	4.75	0.0	0.41	-5.19	0.34
1PTD	ARG+A0056_	8888.0			-0.1	0.39	-0.16	0.09	1.18	0.0	1.5	0.0	0.53	-4.62	-1.18
1PTD	TYR-A0057_	8888.0			-0.0	-0.0	0.0	-1.55	3.72	-0.37	-3.8	0.0	0.0	4.67	2.68
1PTD	ARG+A0064_	8888.0			-0.01	-0.01	0.0	-5.86	6.07	0.0	1.5	0.0	0.41	-12.07	-9.97
1PTD	ASP-A0067_	-8888.0			-0.0	-0.03	-0.18	-5.18	6.72	-0.62	4.75	0.0	0.26	-13.98	-8.27
1PTD	ARG+A0069_	8888.0			-0.0	-0.0	0.0	1.93	2.24	0.0	1.5	0.0	0.34	-13.76	-7.75
1PTD	ARG+A0071_	8888.0			-0.01	-0.0	0.0	-1.31	1.18	0.0	1.5	0.0	0.33	-3.8	-2.1
1PTD	GLU-A0108_	-8888.0			-0.01	-0.03	-0.04	-0.29	9.48	-0.22	4.75	0.0	0.2	-18.28	-4.44
1PTD	GLU-A0117_	-8888.0			-0.01	-0.02	-0.0	-1.84	2.23	-0.22	4.75	0.0	0.07	-7.14	-2.19
1PTD	TYR-A0136_	8888.0			0.0	0.0	0.0	-3.1	4.7	-0.37	-3.8	0.0	0.07	2.97	0.47
1PTD	ARG+A0155_	8888.0			-0.01	-0.01	0.0	-3.48	1.36	0.0	1.5	0.0	0.5	-3.52	-3.65
1PTD	ARG+A0163_	8888.0			-0.01	-0.0	0.0	0.73	0.89	0.0	1.5	0.0	0.18	-4.86	-1.57
1PTD	TYR-A0164_	8888.0			0.0	0.0	0.0	-1.89	8.96	-0.37	-3.8	0.0	0.0	9.1	12.01
1PTD	TYR-A0173_	8888.0			0.0	0.0	0.0	-2.06	9.81	-0.37	-3.8	0.0	0.0	3.85	7.43
1PTD	ASP-A0198_	-8888.0			-0.01	0.0	-0.1	-1.02	2.0	-0.62	4.75	0.0	0.52	-5.08	0.44
1PTD	TYR-A0200_	8888.0			0.0	0.0	0.0	-0.76	1.15	-0.37	-3.8	0.0	0.01	7.34	3.57
1PTD	TYR-A0204_	8888.0			0.0	0.0	0.0	-0.92	2.64	-0.37	-3.8	0.0	0.0	2.64	0.19
1PTD	TYR-A0229_	8888.0			0.0	0.0	-0.0	1.63	6.24	-0.37	-3.8	0.0	-0.0	2.88	6.59
1PTD	TYR-A0259_	8888.0			0.0	0.0	0.0	0.1	3.37	-0.37	-3.8	0.0	0.0	7.74	7.05
1PTD	ASP-A0274_	-8888.0			-0.01	0.01	-0.07	-2.51	6.3	-0.62	4.75	0.0	0.27	-10.18	-2.06
1PTD	TYR-A0275_	8888.0			0.0	0.0	0.0	-0.03	4.5	-0.37	-3.8	0.0	0.1	5.41	5.81
1PTD	LYS+A0279_	8888.0			-0.0	-0.0	0.0	0.9	1.91	0.29	3.6	0.0	0.0	-6.5	0.2
1PTD	TYR-A0285_	8888.0			0.0	0.0	0.0	1.03	8.01	-0.37	-3.8	0.0	0.03	2.42	7.32
1PTD	ARG+A0290_	8888.0			-0.0	-0.0	0.0	-0.44	0.31	0.0	1.5	0.0	0.44	-4.17	-2.38
1QH7	HIS+A0011_	-8888.0			-0.0	-0.01	0.0	-3.14	1.05	-0.73	-6.98	0.0	0.0	104.88	95.06
1QH7	TYR-A0014_	8888.0			0.0	0.0	0.0	-0.25	4.23	-0.37	-3.8	0.0	0.0	1.33	1.15
1QH7	ARG+A0049_	8888.0			-0.0	-0.01	0.0	0.98	4.76	0.0	1.5	0.0	0.29	-15.83	-8.31
1QH7	LYS+A0053_	8888.0			-0.01	-0.0	0.0	0.32	6.67	0.29	3.6	0.0	0.0	-14.25	-3.37
1QH7	TYR-A0070_	8888.0			0.0	0.0	0.0	-1.17	8.1	-0.37	-3.8	0.0	0.02	7.79	10.58
1QH7	TYR-A0081_	8888.0			0.0	0.0	0.0	-0.76	3.26	-0.37	-3.8	0.0	0.0	4.52	2.84
1QH7	CYS-A0083_	8888.0			0.0	0.01	0.0	-1.62	10.18	0.0	-4.9	0.0	0.47	6.93	11.06
1QH7	TYR-A0085_	8888.0			0.0	0.0	0.0	-1.4	9.02	-0.37	-3.8	0.0	0.0	13.15	16.6
1QH7	TYR-A0095_	8888.0			0.0	0.0	0.0	-0.96	9.87	-0.37	-3.8	0.0	0.06	4.72	9.54
1QH7	TYR-A0096_	8888.0			0.0	0.0	0.0	-0.82	5.58	-0.37	-3.8	0.0	0.0	13.7	14.3
1QH7	ASP-A0099_	-8888.0			-0.0	-0.06	-0.25	-0.62	9.47	-0.62	4.75	0.0	0.0	-18.1	-5.44
1QH7	TYR-A0122_	8888.0			-0.02	0.16	0.0	-0.52	9.23	-0.37	-3.8	0.0	0.04	9.39	14.11
1QH7	ASP-A0123_	-8888.0			-0.01	-0.01	-0.25	-0.65	2.84	-0.62	4.75	0.0	0.04	-6.6	-0.51
1QH7	TYR-A0125_	8888.0			0.0	0.0	0.0	-0.4	3.12	-0.37	-3.8	0.0	0.0	1.84	0.4
1QH7	ARG+A0129_	8888.0			-0.0	-0.0	0.0	0.69	0.16	0.0	1.5	0.0	0.41	-4.45	-1.7
1QH7	TYR-A0144_	8888.0			0.0	0.0	0.0	2.44	4.01	-0.37	-3.8	0.0	0.03	2.73	5.04
1QH7	ARG+A0149_	8888.0			-0.01	-0.0	0.0	0.1	0.43	0.0	1.5	0.0	0.33	-3.16	-0.8
1QH7	ARG+A0152_	8888.0			-0.01	-0.0	0.0	-0.69	2.76	0.0	1.5	0.0	0.0	-8.24	-4.68
1QH7	HIS+A0162_	-8888.0			-0.0	-0.0	0.0	2.73	6.04	-0.73	-6.98	0.0	0.0	7.18	8.23
1QH7	TYR-A0177_	8888.0			0.0	0.0	0.0	-0.75	2.51	-0.37	-3.8	0.0	0.27	2.43	0.28
1QH7	GLU-A0178_	-8888.0			-0.05	0.01	-0.25	-2.01	8.03	-0.22	4.75	0.0	0.08	-20.5	-10.16
1QH7	TYR-A0186_	8888.0			0.0	0.0	0.0	-0.35	2.22	-0.37	-3.8	0.0	0.18	4.92	2.82
1QH7	HIS+B0011_	-8888.0			-0.0	-0.01	0.0	-2.97	0.92	-0.73	-6.98	0.0	0.0	103.09	93.31
1QH7	TYR-B0014_	8888.0			0.0	0.0	0.0	0.05	5.35	-0.37	-3.8	0.0	0.0	1.45	2.68
1QH7	ARG+B0049_	8888.0			-0.0	-0.01	0.0	0.94	4.9	0.0	1.5	0.0	0.29	-15.54	-7.93
1QH7	LYS+B0053_	8888.0			-0.01	-0.0	0.0	0.29	5.62	0.29	3.6	0.0	0.0	-12.32	-2.52
1QH7	TYR-B0070_	8888.0			0.0	0.0	0.0	-0.84	7.51	-0.37	-3.8	0.0	0.06	6.42	8.98
1QH7	TYR-B0081_	8888.0			0.0	0.0	0.0	-0.67	3.1	-0.37	-3.8	0.0	0.0	4.59	2.85
1QH7	CYS-B0083_	8888.0			0.0	0.01	0.0	-1.41	10.02	0.0	-4.9	0.0	0.47	6.04	10.23
1QH7	TYR-B0085_	8888.0			0.0	0.0	0.0	-1.24	8.11	-0.37	-3.8	0.0	0.0	12.57	15.28
1QH7	TYR-B0095_	8888.0			0.0	0.0	0.0	-0.7	10.09	-0.37	-3.8	0.0	0.04	4.77	10.04
1QH7	TYR-B0096_	8888.0			0.0	0.0	0.0	-0.71	4.77	-0.37	-3.8	0.0	0.0	12.26	12.14
1QH7	ASP-B0099_	-8888.0			-0.0	-0.04	-0.25	-0.12	9.5	-0.62	4.75	0.0	0.0	-17.73	-4.5
1QH7	TYR-B0122_	8888.0			0.0	0.0	0.0	-0.1	9.37	-0.37	-3.8	0.0	0.0	6.96	12.07
1QH7	TYR-B0125_	8888.0			0.0	0.0	0.0	-0.2	4.18	-0.37	-3.8	0.0	0.3	1.73	1.84
1QH7	ARG+B0129_	8888.0			-0.01	-0.0	0.0	0.55	0.39	0.0	1.5	0.0	0.45	-4.29	-1.4
1QH7	TYR-B0144_	8888.0			0.0	0.0	0.0	2.39	6.55	-0.37	-3.8	0.0	0.05	4.12	8.94
1QH7	ARG+B0148_	8888.0			-0.01	-0.0	0.0	-1.53	1.39	0.0	1.5	0.0	0.25	-2.05	-0.46
1QH7	ARG+B0149_	8888.0			-0.01	-0.0	0.0	0.04	0.56	0.0	1.5	0.0	0.32	-2.62	-0.21
1QH7	ARG+B0152_	8888.0			-0.0	-0.01	0.0	-1.19	2.26	0.0	1.5	0.0	0.01	-7.11	-4.54
1QH7	HIS+B0162_	-8888.0			-0.0	-0.03	0.0	2.37	6.09	-0.73	-6.98	0.0	-0.0	93.61	94.33
1QH7	TYR-B0177_	8888.0			0.0	0.0	0.0	-0.67	2.6	-0.37	-3.8	0.0	0.29	2.49	0.55
1QH7	GLU-B0178_	-8888.0			-0.04	0.01	-0.25	-1.99	7.92	-0.22	4.75	0.0	0.12	-19.33	-9.03
1RDD	CYS-A0013_	8888.0			0.0	-0.05	0.0	-1.69	7.01	0.0	-4.9	0.0	0.31	2.73	3.41
1RDD	TYR-A0022_	8888.0			0.0	0.0	0.0	-0.18	3.42	-0.37	-3.8	0.0	0.29	2.25	1.62
1RDD	ARG+A0027_	8888.0			-0.0	-0.0	0.0	0.76	1.75	0.0	1.5	0.0	0.66	-4.58	0.09
1RDD	TYR-A0028_	8888.0			0.0	0.0	-0.03	-1.52	3.59	-0.37	-3.8	0.0	0.36	2.83	1.06
1RDD	ARG+A0029_	8888.0			-0.01	-0.0	0.0	0.59	-0.34	0.0	1.5	0.0	0.39	-2.48	-0.34
1RDD	ARG+A0046_	8888.0			0.0	-0.0	0.0	3.72	1.63	0.0	1.5	0.0	0.34	-11.63	-4.45
1RDD	ARG+A0106_	8888.0			-0.0	-0.0	0.0	0.74	1.05	0.0	1.5	0.0	0.28	-5.06	-1.49
1RDD	CYS-A0133_	8888.0			0.0	0.02	0.0	-4.26	8.58	0.0	-4.9	0.0	0.4	4.83	4.66
1RDD	ARG+A0138_	8888.0			-0.01	-0.0	0.0	0.43	0.06	0.0	1.5	0.0	0.38	-2.11	0.25
1RDD	ASP-A0148_	-8888.0			-0.0	-0.1	-0.26	-5.54	4.53	-0.62	4.75	0.0	0.11	-7.46	-4.61
1RGG	ASP-A0033_	-8888.0			-0.01	0.01	-0.22	-5.19	6.74	-0.62	4.75	0.0	0.15	-6.05	-0.45
1RGG	TYR-A0051_	8888.0			0.0	0.0	-0.01	-2.32	3.29	-0.37	-3.8	0.0	0.31	7.23	4.34
1RGG	TYR-A0052_	8888.0			0.0	0.0	0.0	-1.65	7.36	-0.37	-3.8	0.0	0.22	3.49	5.25
1RGG	ARG+A0065_	8888.0			-0.01	-0.0	0.0	1.5	1.94	0.0	1.5	0.0	0.27	-6.59	-1.39
1RGG	ARG+A0069_	8888.0			-0.0	-0.01	0.0	-0.81	1.98	0.0	1.5	0.0	0.13	-5.46	-2.68
1RGG	TYR-A0080_	8888.0			0.0	0.0	-0.01	-1.46	4.31	-0.37	-3.8	0.0	0.09	7.22	5.97
1RGG	TYR-A0086_	8888.0			0.0	0.0	-0.01	-1.59	3.85	-0.37	-3.8	0.0	0.44	2.79	1.32
1RGG	TYR-B0051_	8888.0			0.0	-0.0	-0.01	-2.41	3.08	-0.37	-3.8	0.0	0.11	6.95	3.57
1RGG	TYR-B0052_	8888.0			0.0	0.0	0.0	-1.8	4.77	-0.37	-3.8	0.0	0.2	2.08	1.08
1RGG	TYR-B0055_	8888.0			0.0	0.0	-0.01	-0.57	2.82	-0.37	-3.8	0.0	0.3	2.75	1.13
1RGG	ARG+B0065_	8888.0			-0.01	-0.0	0.0	0.6	0.28	0.0	1.5	0.0	0.17	-2.46	0.08
1RGG	ARG+B0069_	8888.0			-0.0	-0.0	0.0	-0.65	2.06	0.0	1.5	0.0	0.24	-5.26	-2.13
1RGG	TYR-B0080_	8888.0			0.0	0.0	-0.0	-1.54	4.03	-0.37	-3.8	0.0	0.07	6.54	4.93
1RGG	TYR-B0086_	8888.0			0.0	0.0	0.0	-1.54	2.68	-0.37	-3.8	0.0	0.01	5.25	2.24
1RNZ	ARG+A0010_	8888.0			-0.0	-0.0	0.0	-0.88	0.76	0.0	1.5	0.0	0.28	-3.82	-2.16
1RNZ	TYR-A0025_	8888.0			0.0	0.0	-0.01	-1.31	7.14	-0.37	-3.8	0.0	0.0	7.27	8.92
1RNZ	ARG+A0033_	8888.0			-0.01	-0.0	0.0	-1.74	0.57	0.0	1.5	0.0	0.27	-0.75	-0.16
1RNZ	TYR-A0073_	8888.0			0.0	0.0	-0.07	1.13	3.07	-0.37	-3.8	0.0	0.17	2.65	2.79
1RNZ	ARG+A0085_	8888.0			-0.01	-0.0	0.0	0.17	0.23	0.0	1.5	0.0	0.51	-2.38	0.02
1RNZ	TYR-A0097_	8888.0			0.0	0.0	0.0	2.93	8.32	-0.37	-3.8	0.0	0.0	2.55	9.64
1RNZ	_CL-A0128_	8888.0			0.0	-0.19	0.0	-1.09	1.46	0.0	0.0	0.0	0.0	-0.37	-0.19
1SAP	ARG+A0025_	8888.0			-0.01	-0.0	0.0	-0.08	0.62	0.0	1.5	0.0	0.38	-4.8	-2.4
1SAP	TYR-A0034_	8888.0			0.0	0.0	0.0	-0.83	5.04	-0.37	-3.8	0.0	0.06	6.94	7.04
1STN	ASP-A0021_	-8888.0			-0.01	0.0	-0.1	-2.81	3.43	-0.62	4.75	0.0	0.36	-6.0	-0.99
1STN	TYR-A0027_	8888.0			0.0	0.0	0.0	-0.67	3.42	-0.37	-3.8	0.0	0.0	5.95	4.54
1STN	ARG+A0035_	8888.0			-0.01	-0.0	-0.0	-0.25	1.61	0.0	1.5	0.0	0.26	-5.11	-2.0
1STN	HIS+A0046_	-8888.0			-0.0	91.52	0.0	11.4	1.1	-0.73	-6.98	0.0	0.0	1.33	97.63
1STN	GLU-A0075_	-8888.0			-0.01	0.01	-0.06	-1.03	3.42	-0.22	4.75	0.0	0.25	-6.73	0.36
1STN	ASP-A0077_	-8888.0			-0.01	-0.06	-0.24	-10.13	8.28	-0.62	4.75	0.0	0.19	-7.32	-5.16
1STN	ARG+A0081_	8888.0			-0.01	-0.0	0.0	-0.33	0.15	0.0	1.5	0.0	0.45	-1.51	0.25
1STN	ASP-A0083_	-8888.0			-0.01	0.01	-0.25	-4.33	5.9	-0.62	4.75	0.0	0.0	-5.59	-0.13
1STN	ARG+A0087_	8888.0			-0.0	-0.0	0.0	1.33	0.41	0.0	1.5	0.0	0.34	-6.39	-2.81
1STN	TYR-A0091_	8888.0			0.0	0.0	0.0	-7.08	8.98	-0.37	-3.8	0.0	0.0	14.27	12.0
1STN	TYR-A0093_	8888.0			0.0	0.0	0.0	-2.1	4.59	-0.37	-3.8	0.0	0.0	10.29	8.61
1STN	ARG+A0105_	8888.0			-0.01	-0.0	0.0	-0.56	0.74	0.0	1.5	0.0	0.24	-2.48	-0.56
1STN	ARG+A0126_	8888.0			-0.0	-0.0	0.0	-0.03	0.16	0.0	1.5	0.0	0.44	-3.85	-1.79
1WLA	HIS+A0024_	-8888.0			-0.0	-0.0	0.0	-0.08	2.98	-0.73	-6.98	0.0	0.0	104.05	99.23
1WLA	ARG+A0031_	8888.0			-0.01	-0.0	0.0	0.21	-0.24	0.0	1.5	0.0	0.44	-1.86	0.04
1WLA	HIS+A0064_	-8888.0			-0.0	0.0	0.0	1.17	2.5	-0.73	-6.98	0.0	-0.28	10.46	6.13
1WLA	HIS+A0082_	-8888.0			-0.0	-0.0	0.0	2.39	2.78	-0.73	-6.98	0.0	0.04	4.47	1.97
1WLA	TYR-A0146_	8888.0			0.0	0.0	0.0	2.92	8.58	-0.37	-3.8	0.0	0.0	0.62	7.96
1WLA	HEM+A0154_	-8888.0			0.0	0.0	0.0	1.23	-2.32	0.0	0.0	-3.79	0.0	3.8	-1.07
1XNB	TYR-A0026_	8888.0			0.0	0.0	0.0	0.87	9.72	-0.37	-3.8	0.0	0.0	0.72	7.13
1XNB	TYR-A0053_	8888.0			0.0	0.0	-0.06	-2.15	5.62	-0.37	-3.8	0.0	0.48	8.23	7.96
1XNB	TYR-A0065_	8888.0			0.0	0.0	0.0	-0.78	2.39	-0.37	-3.8	0.0	0.0	5.05	2.49
1XNB	TYR-A0069_	8888.0			-0.0	0.0	-0.0	-0.91	4.52	-0.37	-3.8	0.0	0.1	8.95	8.48
1XNB	ARG+A0073_	8888.0			-0.01	-0.0	0.0	0.6	0.2	0.0	1.5	0.0	0.4	-3.19	-0.5
1XNB	TYR-A0079_	8888.0			0.0	0.0	0.0	-1.97	9.02	-0.37	-3.8	0.0	0.0	0.58	3.47
1XNB	TYR-A0080_	8888.0			0.0	0.0	-0.02	-0.53	3.97	-0.37	-3.8	0.0	0.24	9.54	9.03
1XNB	ASP-A0083_	-8888.0			-0.0	-0.06	-0.24	-1.46	8.76	-0.62	4.75	0.0	0.09	-15.33	-4.11
1XNB	ARG+A0089_	8888.0			-0.01	-0.0	0.0	-1.5	2.36	0.0	1.5	0.0	0.1	-3.98	-1.53
1XNB	TYR-A0105_	8888.0			0.0	0.0	-0.01	-0.6	7.59	-0.37	-3.8	0.0	0.44	9.17	12.43
1XNB	ARG+A0112_	8888.0			-0.01	-0.0	0.0	0.64	0.3	0.0	1.5	0.0	0.4	-4.42	-1.58
1XNB	ARG+A0136_	8888.0			-0.01	-0.0	0.0	0.02	1.58	0.0	1.5	0.0	0.02	-4.85	-1.75
1XNB	HIS+A0149_	-8888.0			-0.0	-0.0	0.0	2.63	5.49	-0.73	-6.98	0.0	0.0	47.01	47.42
1XNB	TYR-A0166_	8888.0			0.0	0.0	-0.0	-1.21	4.6	-0.37	-3.8	0.0	0.47	3.94	3.64
1YGW	TYR-A0011_	8888.0			0.0	0.0	0.0	-2.84	7.95	-0.37	-3.8	0.0	0.0	10.72	11.67
1YGW	TYR-A0042_	8888.0			0.0	0.0	0.0	-2.66	4.95	-0.37	-3.8	0.0	0.0	2.91	1.04
1YGW	TYR-A0056_	8888.0			0.0	0.0	0.0	1.67	2.5	-0.37	-3.8	0.0	0.01	2.21	2.23
1YGW	ARG+A0077_	8888.0			-0.0	-0.01	0.0	-0.7	1.76	0.0	1.5	0.0	0.4	-6.19	-3.24
1YMB	HIS+A0024_	-8888.0			-0.0	-0.0	0.0	0.27	2.95	-0.73	-6.98	0.0	0.0	10.51	6.01
1YMB	HIS+A0064_	-8888.0			-0.0	-0.0	0.0	1.12	2.67	-0.73	-6.98	0.0	-0.21	10.44	6.3
1YMB	HIS+A0119_	8888.0			-0.0	-0.01	0.0	-0.07	2.0	-0.73	7.02	0.0	0.25	-2.41	6.03
1YMB	ARG+A0139_	8888.0			-0.01	-0.0	0.0	0.14	0.34	0.0	1.5	0.0	0.3	-2.29	-0.02
1YMB	ASP-A0141_	-8888.0			-0.0	-0.03	-0.02	-0.58	1.41	-0.62	4.75	0.0	0.27	-5.57	-0.38
1YMB	TYR-A0146_	8888.0			0.0	0.0	0.0	2.62	8.96	-0.37	-3.8	0.0	0.0	0.66	8.08
1YMB	HEM+A0154_	-8888.0			0.0	0.0	0.0	1.1	-2.78	0.0	0.0	-3.79	0.0	4.05	-1.42
1Z12	CYS-A0012_	-8888.0			0.0	0.01	-0.0	-13.3	6.15	0.0	9.1	0.0	0.06	-6.84	-4.81
1Z12	CYS-A0017_	8888.0			0.0	0.01	0.0	-4.46	5.52	0.0	-4.9	0.0	0.41	5.55	2.14
1Z12	ARG+A0018_	8888.0			-0.01	-0.0	0.0	4.21	1.76	0.0	1.5	0.0	0.52	-9.49	-1.51
1Z12	ARG+A0027_	8888.0			-0.01	-0.0	0.0	0.24	-0.05	0.0	1.5	0.0	0.45	-3.07	-0.94
1Z12	ASP-A0056_	-8888.0			-0.01	0.0	-0.16	-3.66	4.26	-0.62	4.75	0.0	0.29	-6.56	-1.71
1Z12	ARG+A0058_	8888.0			-0.01	-0.01	0.0	0.44	1.24	0.0	1.5	0.0	0.28	-6.84	-3.39
1Z12	CYS-A0062_	8888.0			0.0	0.01	0.0	-1.29	6.02	0.0	-4.9	0.0	0.45	3.63	3.92
1Z12	ARG+A0064_	-8888.0			-0.0	82.69	0.0	3.58	1.33	0.0	-12.5	0.0	0.0	-1.16	73.94
1Z12	ARG+A0075_	8888.0			-0.01	-0.01	0.0	-0.08	0.96	0.0	1.5	0.0	0.49	-7.18	-4.32
1Z12	TYR-A0087_	8888.0			0.0	0.0	0.0	0.04	2.29	-0.37	-3.8	0.0	0.0	2.6	0.76
1Z12	CYS-A0090_	8888.0			0.0	0.01	0.0	-5.57	9.27	0.0	-4.9	0.0	0.47	6.13	5.42
1Z12	ARG+A0101_	8888.0			-0.01	-0.0	0.0	0.27	-0.31	0.0	1.5	0.0	0.42	-1.58	0.29
1Z12	ARG+A0110_	8888.0			-0.0	-0.0	-0.0	-1.13	1.29	0.0	1.5	0.0	0.6	-3.15	-0.89
1Z12	TYR-A0119_	8888.0			0.0	0.0	-0.0	0.1	2.8	-0.37	-3.8	0.0	0.3	7.78	6.81
1Z12	ASP-A0120_	-8888.0			-0.01	-0.05	-0.24	-7.0	7.92	-0.62	4.75	0.0	0.12	-7.39	-2.53
1Z12	TYR-A0142_	8888.0			0.0	0.0	0.0	-0.5	3.02	-0.37	-3.8	0.0	0.0	1.67	0.03
1Z12	CYS-A0145_	8888.0			0.0	0.01	0.0	-3.83	9.72	0.0	-4.9	0.0	0.45	3.9	5.34
1Z12	ARG+A0147_	8888.0			-0.01	-0.0	0.0	0.83	1.12	0.0	1.5	0.0	0.25	-4.48	-0.8
1Z12	CYS-A0148_	8888.0			0.0	0.02	0.0	-2.77	9.25	0.0	-4.9	0.0	0.37	4.62	6.57
1Z12	CYS-A0149_	8888.0			0.0	0.01	0.0	-2.52	9.73	0.0	-4.9	0.0	0.47	4.33	7.13
1Z12	ARG+A0157_	8888.0			-0.0	-0.0	0.0	-0.27	0.25	0.0	1.5	0.0	0.32	-4.58	-2.78
2BCA	TYR-A0013_	8888.0			0.0	0.0	0.0	-0.25	2.47	-0.37	-3.8	0.0	0.03	2.33	0.42
2CI2	ARG+I0062_	8888.0			0.01	-0.0	0.0	0.53	0.53	0.0	1.5	0.0	0.47	-2.69	0.34
2CI2	ARG+I0065_	8888.0			-0.01	-0.0	0.0	-0.01	2.16	0.0	1.5	0.0	0.1	-7.22	-3.48
2CI2	ARG+I0081_	8888.0			-0.01	-0.0	0.0	-0.19	-0.35	0.0	1.5	0.0	0.47	-1.75	-0.34
2CI2	CTR-I0083_	-8888.0			0.01	0.04	-0.25	-0.78	5.1	0.0	3.75	0.0	0.04	-8.77	-0.86
2CPL	ARG+A0019_	8888.0			-0.01	-0.0	0.0	0.57	0.49	0.0	1.5	0.0	0.37	-4.16	-1.23
2CPL	ARG+A0037_	8888.0			-0.01	-0.0	-0.0	0.94	0.96	0.0	1.5	0.0	0.61	-7.57	-3.57
2CPL	TYR-A0048_	8888.0			0.0	0.0	0.0	1.36	8.91	-0.37	-3.8	0.0	0.02	3.15	9.27
2CPL	CYS-A0062_	8888.0			0.0	0.01	0.0	-2.82	8.85	0.0	-4.9	0.0	0.43	4.83	6.4
2CPL	ASP-A0066_	-8888.0			-0.0	-0.09	-0.05	-17.57	8.0	-0.62	4.75	0.0	0.52	-2.7	-7.78
2CPL	TYR-A0079_	8888.0			0.0	0.0	0.0	0.06	4.16	-0.37	-3.8	0.0	0.05	3.92	4.02
2CPL	HIS+A0092_	-8888.0			-0.0	-0.01	0.0	2.31	4.23	-0.73	-6.98	0.0	-0.27	9.88	8.42
2CPL	CYS-A0115_	8888.0			0.0	0.01	0.0	-2.56	7.54	0.0	-4.9	0.0	0.44	3.61	4.13
2CPL	CYS-A0161_	8888.0			0.0	0.02	0.0	-1.11	5.96	0.0	-4.9	0.0	0.2	2.72	2.88
2GB1	TYR-A0045_	8888.0			0.0	0.0	0.0	-1.74	3.5	-0.37	-3.8	0.0	0.0	4.57	2.15
2HNP	TYR-A0020_	8888.0			0.0	0.0	-0.0	2.5	7.32	-0.37	-3.8	0.0	0.24	-0.55	5.34
2HNP	ARG+A0043_	8888.0			-0.01	-0.0	-0.0	-1.02	1.71	0.0	1.5	0.0	0.18	-3.69	-1.33
2HNP	ARG+A0045_	8888.0			-0.01	-0.01	0.0	-1.84	2.34	0.0	1.5	0.0	0.27	-2.68	-0.43
2HNP	ASP-A0053_	-8888.0			-0.01	-0.09	-0.25	-4.62	3.57	-0.62	4.75	0.0	0.05	-4.57	-1.79
2HNP	ARG+A0056_	8888.0			-0.01	-0.0	0.0	0.16	1.32	0.0	1.5	0.0	0.29	-3.72	-0.46
2HNP	TYR-A0066_	8888.0			0.0	0.0	0.0	-0.69	8.6	-0.37	-3.8	0.0	0.01	2.1	5.86
2HNP	ARG+A0079_	8888.0			-0.01	-0.0	0.0	-0.8	1.25	0.0	1.5	0.0	0.47	-3.67	-1.25
2HNP	TYR-A0081_	8888.0			0.0	0.0	-0.01	-0.73	9.44	-0.37	-3.8	0.0	0.3	5.18	10.02
2HNP	GLU-A0097_	8888.0			-0.01	0.01	-0.26	-2.27	4.99	-0.22	-9.25	0.0	0.24	7.28	0.52
2HNP	ARG+A0105_	8888.0			-0.01	-0.0	0.0	-0.6	0.36	0.0	1.5	0.0	0.49	-2.85	-1.11
2HNP	ARG+A0112_	8888.0			-0.01	-0.0	0.0	-0.01	0.2	0.0	1.5	0.0	0.26	-1.74	0.19
2HNP	GLU-A0115_	-8888.0			-0.01	0.01	-0.24	-1.5	3.49	-0.22	4.75	0.0	0.35	-7.34	-0.71
2HNP	CYS-A0121_	8888.0			0.0	0.01	-0.0	-1.0	8.95	0.0	-4.9	0.0	0.21	0.01	3.27
2HNP	TYR-A0124_	8888.0			0.0	0.0	-0.03	-1.67	9.81	-0.37	-3.8	0.0	0.19	5.18	9.32
2HNP	TYR-A0153_	8888.0			0.0	-0.0	-0.02	-0.95	4.27	-0.37	-3.8	0.0	0.6	3.79	3.52
2HNP	ARG+A0156_	8888.0			-0.0	-0.0	0.0	0.66	1.67	0.0	1.5	0.0	0.36	-6.25	-2.06
2HNP	HIS+A0173_	-8888.0			-0.03	0.04	0.0	1.89	6.16	-0.73	-6.98	0.0	-0.04	6.89	7.21
2HNP	HIS+A0175_	-8888.0			-0.0	-0.0	0.0	-0.33	3.54	-0.73	-6.98	0.0	0.0	7.57	3.06
2HNP	TYR-A0176_	8888.0			0.0	0.0	0.0	-2.87	5.0	-0.37	-3.8	0.0	0.29	2.2	0.46
2HNP	ARG+A0199_	8888.0			-0.01	-0.0	0.0	0.26	2.65	0.0	1.5	0.0	0.22	-5.78	-1.16
2HNP	HIS+A0214_	-8888.0			-0.0	-0.0	0.0	0.53	6.38	-0.73	-6.98	0.0	0.0	88.39	87.58
2HNP	CYS-A0215_	-8888.0			0.0	0.01	-0.0	-10.74	5.45	0.0	9.1	0.0	0.22	-10.01	-5.97
2HNP	ARG+A0221_	8888.0			-0.01	-0.0	0.0	0.87	2.63	0.0	1.5	0.0	0.44	-5.88	-0.45
2HNP	CYS-A0226_	8888.0			0.0	0.01	-0.01	-2.18	10.2	0.0	-4.9	0.0	0.53	3.58	7.23
2HNP	ASP-A0229_	-8888.0			-0.0	-0.01	-0.25	-2.02	9.31	-0.62	4.75	0.0	0.49	-21.12	-9.48
2HNP	CYS-A0231_	8888.0			0.0	0.01	0.0	-2.55	9.0	0.0	-4.9	0.0	0.27	3.18	5.01
2HNP	ARG+A0238_	8888.0			-0.0	-0.0	0.0	0.91	1.54	0.0	1.5	0.0	0.35	-4.09	0.21
2HNP	ARG+A0257_	8888.0			-0.01	-0.01	0.0	-3.52	5.73	0.0	1.5	0.0	0.55	-7.73	-3.49
2HNP	ARG+A0268_	8888.0			-0.01	-0.0	0.0	0.44	0.53	0.0	1.5	0.0	0.35	-3.75	-0.94
2HNP	TYR-A0271_	8888.0			0.0	0.0	-0.01	-2.03	5.0	-0.37	-3.8	0.0	0.01	6.4	5.21
2IGD	TYR-A0008_	8888.0			0.0	0.0	0.0	-0.69	4.06	-0.37	-3.8	0.0	0.3	2.25	1.75
2IGD	TYR-A0050_	8888.0			0.0	0.0	0.0	-1.51	5.15	-0.37	-3.8	0.0	0.02	4.89	4.38
2IGH	TYR-A0008_	8888.0			0.0	0.0	0.0	2.1	3.52	-0.37	-3.8	0.0	0.08	2.3	3.83
2IGH	TYR-A0050_	8888.0			0.0	0.0	-0.01	-0.3	1.63	-0.37	-3.8	0.0	0.16	3.03	0.34
2LZM	ASP-A0010_	-8888.0			-0.0	-0.03	-0.25	-1.94	8.54	-0.62	4.75	0.0	0.0	-15.85	-5.4
2LZM	ARG+A0014_	8888.0			-0.0	-0.0	0.0	-0.15	-0.14	0.0	1.5	0.0	0.34	-1.26	0.29
2LZM	TYR-A0018_	8888.0			0.0	0.0	0.0	-0.26	4.24	-0.37	-3.8	0.0	0.0	2.67	2.48
2LZM	ARG+A0052_	8888.0			-0.0	-0.01	0.0	0.11	-0.34	0.0	1.5	0.0	0.34	-4.59	-3.0
2LZM	CYS-A0054_	8888.0			0.0	0.01	0.0	-2.38	7.81	0.0	-4.9	0.0	0.47	5.58	6.58
2LZM	ARG+A0076_	8888.0			-0.01	-0.0	0.0	-0.21	0.82	0.0	1.5	0.0	0.36	-2.63	-0.17
2LZM	ASP-A0092_	-8888.0			-0.01	-0.05	-0.22	-3.86	4.2	-0.62	4.75	0.0	0.54	-4.63	0.11
2LZM	ARG+A0095_	8888.0			-0.0	-0.0	0.0	-1.46	2.3	0.0	1.5	0.0	0.1	-3.73	-1.3
2LZM	ARG+A0096_	8888.0			-0.0	-0.0	0.0	-2.45	1.49	0.0	1.5	0.0	0.28	-3.19	-2.36
2LZM	ARG+A0137_	8888.0			-0.0	-0.02	-0.04	0.14	-0.13	0.0	1.5	0.0	0.52	-1.87	0.1
2LZM	ARG+A0145_	8888.0			-0.01	-0.0	0.0	0.92	2.39	0.0	1.5	0.0	0.05	-10.85	-5.98
2LZM	ARG+A0148_	8888.0			-0.01	-0.0	0.0	0.47	1.73	0.0	1.5	0.0	0.29	-6.19	-2.21
2LZM	TYR-A0161_	8888.0			0.0	0.0	0.0	-2.1	9.28	-0.37	-3.8	0.0	0.0	8.62	11.63
2LZT	TYR-A0053_	8888.0			0.0	0.0	0.0	-1.45	4.47	-0.37	-3.8	0.0	0.0	8.13	6.99
2OVO	TYR-A0011_	8888.0			0.0	0.0	0.0	-1.56	3.72	-0.37	-3.8	0.0	0.0	2.02	0.0
2OVO	TYR-A0031_	8888.0			0.0	0.0	0.0	-1.47	3.11	-0.37	-3.8	0.0	0.0	7.44	4.92
2QMT	TYR-A0003_	8888.0			0.0	0.0	0.0	-1.04	5.1	-0.37	-3.8	0.0	0.3	3.24	3.42
2QMT	TYR-A0045_	8888.0			0.0	0.0	-0.01	-2.27	7.35	-0.37	-3.8	0.0	0.11	7.53	8.56
2RN2	CYS-A0013_	8888.0			0.0	0.03	0.0	-2.63	7.04	0.0	-4.9	0.0	0.31	3.26	3.1
2RN2	ARG+A0027_	8888.0			-0.01	-0.0	-0.0	0.37	0.74	0.0	1.5	0.0	0.6	-6.04	-2.84
2RN2	TYR-A0028_	8888.0			0.0	0.0	0.0	-2.14	4.2	-0.37	-3.8	0.0	0.0	6.24	4.13
2RN2	TYR-A0039_	8888.0			0.0	0.0	0.0	-1.22	4.16	-0.37	-3.8	0.0	0.3	2.45	1.52
2RN2	ARG+A0046_	8888.0			-0.01	-0.0	0.0	3.6	2.4	0.0	1.5	0.0	0.29	-14.51	-6.73
2RN2	CYS-A0063_	8888.0			0.0	0.01	0.0	-0.39	4.26	0.0	-4.9	0.0	0.4	2.95	2.34
2RN2	TYR-A0073_	8888.0			0.0	0.0	0.0	-1.6	5.53	-0.37	-3.8	0.0	0.04	0.31	0.12
2RN2	ARG+A0106_	8888.0			-0.01	-0.0	0.0	0.44	0.45	0.0	1.5	0.0	0.32	-4.01	-1.31
2RN2	ARG+A0132_	8888.0			-0.0	-0.0	0.0	0.42	-0.3	0.0	1.5	0.0	0.47	-2.28	-0.2
2RN2	CYS-A0133_	8888.0			0.0	0.02	0.0	-1.92	8.89	0.0	-4.9	0.0	0.45	4.69	7.22
2RN2	ARG+A0138_	8888.0			-0.0	-0.0	0.0	0.21	-0.11	0.0	1.5	0.0	0.44	-3.58	-1.53
2RN2	ASP-A0148_	-8888.0			-0.0	-0.07	-0.25	-5.09	5.94	-0.62	4.75	0.0	0.0	-8.65	-3.99
2RN2	TYR-A0151_	8888.0			0.0	0.0	0.0	-1.27	3.77	-0.37	-3.8	0.0	0.0	1.94	0.28
2SNI	TYR-E0006_	8888.0			0.0	0.0	0.0	0.4	4.7	-0.37	-3.8	0.0	0.01	2.07	3.01
2SNI	HIS+E0039_	-8888.0			-0.0	91.97	0.0	8.64	5.01	-0.73	-6.98	0.0	0.0	-0.98	96.93
2SNI	ASP-E0041_	8888.0			-0.01	-0.16	-0.0	2.58	8.29	-0.62	-9.25	0.0	0.11	3.45	4.39
2SNI	ASP-E0060_	-8888.0			-0.0	-0.2	-0.27	-11.89	8.14	-0.62	4.75	0.0	0.28	-8.13	-7.95
2SNI	HIS+E0064_	-8888.0			-0.01	0.75	0.0	7.88	5.99	-0.73	-6.98	0.0	0.03	0.49	7.42
2SNI	TYR-E0104_	8888.0			0.0	0.0	0.0	2.57	4.18	-0.37	-3.8	0.0	0.0	3.27	5.86
2SNI	ARG+E0186_	8888.0			-0.01	-0.01	0.0	-3.12	2.09	0.0	1.5	0.0	0.27	-3.13	-2.4
2SNI	HIS+E0226_	-8888.0			-0.0	0.02	0.0	3.02	5.02	-0.73	-6.98	0.0	-0.04	3.59	3.9
2SNI	ARG+E0247_	8888.0			-0.01	-0.01	0.0	-0.1	1.58	0.0	1.5	0.0	0.06	-5.15	-2.12
2SNI	LYS+I0021_	8888.0			0.02	-0.18	-0.24	0.17	1.21	0.29	3.6	0.0	0.17	-5.82	-0.77
2SNI	LYS+I0043_	8888.0			-0.01	-0.01	0.0	-0.71	3.49	0.29	3.6	0.0	0.0	-7.02	-0.37
2SNI	GLU-I0060_	-8888.0			-0.01	-0.0	-0.12	-2.74	5.53	-0.22	4.75	0.0	0.43	-14.25	-6.62
2SNI	ARG+I0062_	8888.0			-0.01	-0.0	-0.0	0.81	0.86	0.0	1.5	0.0	0.42	-5.15	-1.58
2SNI	ARG+I0065_	8888.0			-0.01	-0.0	0.0	0.53	1.57	0.0	1.5	0.0	0.05	-8.12	-4.48
2SNI	ARG+I0067_	8888.0			-0.01	-0.0	0.0	0.06	1.34	0.0	1.5	0.0	0.34	-4.9	-1.68
2SNI	ARG+I0081_	8888.0			-0.01	-0.0	0.0	-0.51	-0.07	0.0	1.5	0.0	0.48	-4.3	-2.91
2SNI	CTR-I0083_	-8888.0			0.01	0.08	-0.25	-1.06	5.18	0.0	3.75	0.0	0.17	-10.93	-3.05
2TGA	TYR-A0029_	8888.0			0.0	0.0	0.0	-1.8	4.36	-0.37	-3.8	0.0	0.0	2.74	1.13
2TGA	ARG+A0066_	8888.0			-0.0	-0.0	0.0	0.27	0.69	0.0	1.5	0.0	0.42	-5.21	-2.33
2TGA	TYR-A0094_	8888.0			0.0	0.0	0.0	-1.96	4.86	-0.37	-3.8	0.0	0.0	3.36	2.09
2TGA	ASP-A0102_	-8888.0			-0.0	-0.1	-0.25	-8.48	8.81	-0.62	4.75	0.0	0.01	-9.49	-5.37
2TGA	TYR-A0172_	8888.0			0.0	0.0	0.0	-2.39	7.12	-0.37	-3.8	0.0	0.0	4.67	5.22
2TGA	TYR-A0184_	8888.0			0.0	0.0	0.0	0.19	2.56	-0.37	-3.8	0.0	0.0	1.65	0.23
2TGA	ASP-A0194_	-8888.0			-0.01	0.12	-0.19	-4.91	5.75	-0.62	4.75	0.0	0.28	-8.9	-3.72
2TGA	TYR-A0228_	8888.0			0.0	0.0	0.0	-1.39	6.65	-0.37	-3.8	0.0	0.0	7.03	8.12
2TGA	TYR-A0234_	8888.0			0.0	0.0	0.0	-2.59	5.77	-0.37	-3.8	0.0	0.0	3.97	2.98
3EBX	HIS+A0006_	-8888.0			-0.0	-0.01	-0.0	3.11	2.37	-0.73	-6.98	0.0	-0.17	3.66	1.25
3EBX	TYR-A0025_	8888.0			0.0	0.0	-0.01	-0.25	2.61	-0.37	-3.8	0.0	0.27	3.86	2.31
3EBX	ARG+A0039_	8888.0			-0.0	-0.01	-0.0	-3.03	2.59	0.0	1.5	0.0	0.05	-4.14	-3.04
3EGF	TYR-A0013_	8888.0			0.0	0.0	0.0	1.13	1.65	-0.37	-3.8	0.0	0.15	2.68	1.44
3EGF	TYR-A0029_	8888.0			0.0	0.0	0.0	-0.25	2.7	-0.37	-3.8	0.0	0.0	1.75	0.04
3GB1	TYR-A0003_	8888.0			0.0	0.0	0.0	-0.32	4.8	-0.37	-3.8	0.0	0.29	2.57	3.18
3GB1	TYR-A0045_	8888.0			0.0	0.0	0.0	-1.38	3.81	-0.37	-3.8	0.0	0.19	2.01	0.46
3ICB	TYR-A0013_	8888.0			0.0	0.0	0.0	-0.41	3.71	-0.37	-3.8	0.0	0.08	4.02	3.22
3ICB	GLU-A0027_	8888.0			-0.01	-0.33	-0.0	4.05	7.27	-0.22	-9.25	0.0	0.14	4.05	5.69
3RN3	ARG+A0010_	8888.0			-0.0	-0.0	0.0	-0.88	0.8	0.0	1.5	0.0	0.38	-3.5	-1.7
3RN3	ASP-A0014_	-8888.0			-0.0	-0.04	-0.01	-1.48	3.35	-0.62	4.75	0.0	0.36	-7.89	-1.59
3RN3	TYR-A0025_	8888.0			0.0	0.0	0.0	-1.7	7.21	-0.37	-3.8	0.0	0.0	6.82	8.17
3RN3	ARG+A0033_	8888.0			-0.01	-0.0	0.0	-1.62	0.83	0.0	1.5	0.0	0.24	-1.03	-0.09
3RN3	TYR-A0073_	8888.0			0.0	0.0	0.0	1.24	2.5	-0.37	-3.8	0.0	0.1	2.7	2.36
3RN3	TYR-A0097_	8888.0			0.0	0.0	0.0	1.39	8.37	-0.37	-3.8	0.0	0.01	2.15	7.75
3RN3	ASP-A0121_	-8888.0			-0.01	-0.08	-0.24	-3.37	4.13	-0.62	4.75	0.0	0.09	-5.27	-0.62
3SRN	GLU-A0002_	-8888.0			-0.02	0.01	-0.25	-0.48	3.26	-0.22	4.75	0.0	0.0	-7.55	-0.5
3SRN	ARG+A0010_	8888.0			-0.0	-0.0	0.0	-0.87	0.72	0.0	1.5	0.0	0.28	-3.24	-1.61
3SRN	TYR-A0025_	8888.0			0.0	0.0	0.0	-1.81	7.49	-0.37	-3.8	0.0	0.0	10.45	11.96
3SRN	ARG+A0033_	8888.0			-0.01	-0.0	0.0	-1.77	0.67	0.0	1.5	0.0	0.07	-1.08	-0.62
3SRN	TYR-A0073_	8888.0			0.0	0.0	0.0	0.68	2.81	-0.37	-3.8	0.0	0.28	0.51	0.12
3SRN	ARG+A0085_	8888.0			-0.01	-0.0	0.0	0.08	-0.29	0.0	1.5	0.0	0.45	-1.52	0.21
3SRN	TYR-A0092_	8888.0			0.0	0.0	0.0	2.96	1.13	-0.37	-3.8	0.0	0.02	0.4	0.34
3SRN	TYR-A0097_	8888.0			0.0	0.0	0.0	4.92	8.32	-0.37	-3.8	0.0	0.0	2.53	11.6
3SSI	ARG+A0029_	8888.0			-0.01	-0.0	0.0	0.42	0.65	0.0	1.5	0.0	0.23	-3.9	-1.11
3SSI	ARG+A0065_	8888.0			-0.0	-0.01	0.0	-1.21	1.21	0.0	1.5	0.0	0.48	-3.22	-1.25
3SSI	TYR-A0093_	8888.0			0.0	0.0	0.0	-0.71	5.14	-0.37	-3.8	0.0	0.03	2.11	2.39
3TRX	CYS-A0062_	8888.0			0.0	0.02	0.0	-3.76	5.51	0.0	-4.9	0.0	0.36	6.47	3.7
3TRX	CYS-A0069_	8888.0			0.0	0.0	0.0	-1.14	3.92	0.0	-4.9	0.0	0.45	4.81	3.14
4HHB	ASP-A0006_	-8888.0			-0.0	-0.01	-0.0	-1.71	3.0	-0.62	4.75	0.0	0.02	-6.19	-0.77
4HHB	TYR-A0024_	8888.0			0.0	0.0	0.0	-0.12	3.67	-0.37	-3.8	0.0	0.25	2.72	2.35
4HHB	GLU-A0027_	-8888.0			-0.02	0.01	-0.25	-0.1	3.54	-0.22	4.75	0.0	0.02	-8.65	-0.92
4HHB	ARG+A0031_	8888.0			-0.0	-0.01	0.0	-0.94	3.78	0.0	1.5	0.0	0.47	-9.46	-4.66
4HHB	LYS+A0040_	8888.0			-0.0	-0.0	0.0	0.24	0.66	0.29	3.6	0.0	0.0	-5.6	-0.81
4HHB	TYR-A0042_	8888.0			0.0	0.0	0.0	-2.34	6.04	-0.37	-3.8	0.0	0.0	9.71	9.24
4HHB	ARG+A0092_	-8888.0			49.01	-0.01	0.0	-0.93	1.05	0.0	-12.5	0.0	0.0	2.61	39.24
4HHB	CYS-A0104_	8888.0			0.0	0.0	0.0	-1.58	9.42	0.0	-4.9	0.0	0.35	0.15	3.44
4HHB	HIS+A0122_	-8888.0			-0.0	-0.0	0.0	1.66	4.18	-0.73	-6.98	0.0	0.0	12.56	10.68
4HHB	ASP-A0126_	-8888.0			-0.0	-0.02	-0.03	-1.69	2.95	-0.62	4.75	0.0	0.25	-8.85	-3.27
4HHB	LYS+A0127_	8888.0			-0.0	-0.01	0.0	-0.24	2.73	0.29	3.6	0.0	0.0	-7.87	-1.49
4HHB	TYR-A0140_	8888.0			0.0	0.0	0.0	2.11	7.94	-0.37	-3.8	0.0	0.02	-0.23	5.68
4HHB	ARG+A0141_	8888.0			-0.0	-0.0	0.0	-0.36	1.7	0.0	1.5	0.0	0.2	-4.64	-1.59
4HHB	CTR-A0141_	-8888.0			0.01	-0.23	-0.19	-0.23	2.15	0.0	3.75	0.0	0.34	-5.7	-0.11
4HHB	GLU-B0026_	-8888.0			-0.03	0.01	-0.15	-0.17	4.75	-0.22	4.75	0.0	0.29	-10.83	-1.6
4HHB	ARG+B0030_	8888.0			-0.0	-0.0	0.0	0.16	3.56	0.0	1.5	0.0	0.45	-6.47	-0.8
4HHB	TYR-B0035_	8888.0			0.0	0.0	0.0	-1.12	3.93	-0.37	-3.8	0.0	0.13	4.22	2.99
4HHB	ARG+B0040_	8888.0			-0.0	-0.0	0.0	-2.07	1.5	0.0	1.5	0.0	0.37	-3.48	-2.19
4HHB	CYS-B0093_	8888.0			0.0	0.01	0.0	-1.83	2.79	0.0	-4.9	0.0	0.35	4.17	0.58
4HHB	ASP-B0099_	-8888.0			-0.0	-0.09	0.0	-3.91	4.77	-0.62	4.75	0.0	0.0	-7.46	-2.56
4HHB	CYS-B0112_	8888.0			0.0	0.01	0.0	-1.59	6.54	0.0	-4.9	0.0	0.44	2.73	3.23
4HHB	TYR-B0130_	8888.0			0.0	0.0	0.0	0.02	7.85	-0.37	-3.8	0.0	0.0	1.55	5.25
4HHB	TYR-B0145_	8888.0			0.0	0.0	0.0	3.37	8.6	-0.37	-3.8	0.0	0.0	2.16	9.96
4HHB	CTR-B0146_	-8888.0			0.01	0.01	-0.23	-0.79	3.05	0.0	3.75	0.0	0.13	-6.44	-0.52
4HHB	ASP-C0006_	-8888.0			-0.0	-0.02	-0.0	-1.71	2.97	-0.62	4.75	0.0	0.0	-6.82	-1.45
4HHB	TYR-C0024_	8888.0			0.0	0.0	0.0	0.16	4.05	-0.37	-3.8	0.0	0.26	2.55	2.85
4HHB	GLU-C0027_	-8888.0			-0.04	0.01	-0.25	-0.08	3.92	-0.22	4.75	0.0	0.07	-8.67	-0.52
4HHB	ARG+C0031_	8888.0			-0.0	-0.01	0.0	-1.46	3.86	0.0	1.5	0.0	0.5	-9.77	-5.39
4HHB	TYR-C0042_	8888.0			0.0	0.0	0.0	-2.36	5.84	-0.37	-3.8	0.0	0.0	9.32	8.63
4HHB	HIS+C0103_	-8888.0			-0.0	-0.01	0.0	1.27	2.73	-0.73	-6.98	0.0	0.03	4.79	1.09
4HHB	CYS-C0104_	8888.0			0.0	0.01	0.0	-1.44	9.46	0.0	-4.9	0.0	0.37	-0.2	3.3
4HHB	HIS+C0122_	-8888.0			-0.0	-0.0	0.0	1.7	3.9	-0.73	-6.98	0.0	0.0	12.44	10.32
4HHB	ASP-C0126_	-8888.0			-0.0	-0.07	-0.01	-1.54	2.93	-0.62	4.75	0.0	0.17	-8.41	-2.79
4HHB	LYS+C0127_	8888.0			-0.0	0.01	0.0	-1.41	2.82	0.29	3.6	0.0	0.0	-7.25	-1.94
4HHB	TYR-C0140_	8888.0			0.0	0.0	0.0	2.29	8.61	-0.37	-3.8	0.0	0.01	0.49	7.23
4HHB	ARG+C0141_	8888.0			-0.01	-0.0	-0.0	-0.26	1.21	0.0	1.5	0.0	0.21	-4.84	-2.18
4HHB	CTR-C0141_	-8888.0			0.01	0.02	-0.18	-0.09	1.95	0.0	3.75	0.0	0.28	-5.65	0.08
4HHB	GLU-D0026_	-8888.0			0.0	0.01	-0.23	-0.52	3.07	-0.22	4.75	0.0	0.3	-7.06	0.11
4HHB	ARG+D0030_	8888.0			-0.0	-0.01	0.0	-0.08	3.65	0.0	1.5	0.0	0.62	-7.83	-2.14
4HHB	TYR-D0035_	8888.0			0.0	0.0	0.0	-0.97	3.26	-0.37	-3.8	0.0	0.18	3.44	1.74
4HHB	ARG+D0040_	8888.0			-0.0	-0.0	0.0	-2.4	1.02	0.0	1.5	0.0	0.3	-3.41	-2.99
4HHB	ASP-D0099_	-8888.0			-0.0	-0.07	-0.0	-3.95	5.52	-0.62	4.75	0.0	0.0	-7.73	-2.1
4HHB	GLU-D0101_	-8888.0			-0.02	0.0	-0.04	-1.45	2.88	-0.22	4.75	0.0	0.37	-6.04	0.24
4HHB	ARG+D0104_	8888.0			0.07	-0.0	0.0	0.96	1.02	0.0	1.5	0.0	0.29	-3.77	0.05
4HHB	CYS-D0112_	8888.0			0.0	0.01	0.0	-1.12	6.37	0.0	-4.9	0.0	0.41	1.82	2.59
4HHB	TYR-D0130_	8888.0			0.0	0.0	0.0	0.48	8.38	-0.37	-3.8	0.0	0.12	1.08	5.89
4HHB	LYS+D0132_	8888.0			-0.0	-0.0	0.0	0.26	3.28	0.29	3.6	0.0	0.0	-8.03	-0.59
4HHB	TYR-D0145_	8888.0			0.0	0.0	0.0	2.88	8.77	-0.37	-3.8	0.0	0.0	2.77	10.25
4HHB	CTR-D0146_	-8888.0			0.01	-0.03	-0.18	-0.78	2.51	0.0	3.75	0.0	0.38	-6.78	-1.12
4ICB	TYR-A0013_	8888.0			0.0	-0.21	0.0	0.01	3.75	-0.37	-3.8	0.0	0.18	4.3	3.87
4ICB	GLU-A0027_	8888.0			-0.03	-0.3	-0.0	2.51	6.87	-0.22	-9.25	0.0	0.33	4.82	4.71
4ICB	GLU-A0065_	8888.0			-0.02	-0.22	-0.0	-2.86	4.3	-0.22	-9.25	0.0	0.23	7.66	-0.38
4LZT	TYR-A0053_	8888.0			0.0	0.0	-0.01	-1.18	3.84	-0.37	-3.8	0.0	0.48	7.37	6.34
4LZT	ARG+A0061_	8888.0			-0.01	-0.0	0.0	0.68	0.16	0.0	1.5	0.0	0.44	-2.34	0.43
4MBN	HIS+A0024_	-8888.0			-0.0	-0.0	0.0	-0.4	3.77	-0.73	-6.98	0.0	0.0	105.76	101.41
4MBN	ARG+A0045_	8888.0			-0.0	-0.0	0.0	0.57	0.61	0.0	1.5	0.0	0.41	-4.4	-1.31
4MBN	ASP-A0060_	-8888.0			-0.01	0.0	-0.23	-1.1	2.13	-0.62	4.75	0.0	0.33	-5.18	0.05
4MBN	HIS+A0064_	-8888.0			-0.0	-0.0	0.0	1.44	2.76	-0.73	-6.98	0.0	-0.11	9.33	5.71
4MBN	ARG+A0118_	8888.0			-0.01	-0.0	0.0	0.04	0.73	0.0	1.5	0.0	0.37	-3.05	-0.44
4MBN	ASP-A0141_	-8888.0			-0.0	-0.03	-0.02	-0.86	1.91	-0.62	4.75	0.0	0.38	-6.61	-1.11
4MBN	TYR-A0146_	8888.0			0.0	0.0	0.0	0.61	7.61	-0.37	-3.8	0.0	0.0	2.53	6.58
4MBN	HEM+A0225_	8888.0			0.0	0.0	0.0	1.49	-1.32	0.0	0.0	-3.79	0.0	-6.19	-9.82
4PTI	ARG+A0001_	8888.0			-0.01	-0.0	0.0	-1.33	1.38	0.0	1.5	0.0	0.36	-3.46	-1.56
4PTI	ARG+A0020_	8888.0			-0.0	-0.0	0.0	0.1	0.13	0.0	1.5	0.0	0.4	-2.45	-0.33
6LYZ	TYR-A0053_	8888.0			0.0	0.0	0.0	-1.03	4.35	-0.37	-3.8	0.0	0.0	8.1	7.25
6LYZ	ARG+A0068_	8888.0			-0.01	-0.0	0.0	-0.04	-0.22	0.0	1.5	0.0	0.48	-2.11	-0.4
6LYZ	ASP-A0101_	8888.0			-0.0	0.0	0.0	18.49	3.25	-0.62	-9.25	0.0	0.0	1.19	13.06
7RSA	ARG+A0010_	8888.0			-0.0	-0.0	0.0	-0.9	0.6	0.0	1.5	0.0	0.38	-3.51	-1.95
7RSA	ASP-A0014_	-8888.0			-0.0	-0.06	-0.15	-1.86	3.89	-0.62	4.75	0.0	0.58	-7.27	-0.74
7RSA	TYR-A0025_	8888.0			0.0	0.0	-0.03	-1.64	7.21	-0.37	-3.8	0.0	0.55	5.53	7.46
7RSA	ARG+A0033_	8888.0			-0.01	-0.0	0.0	-1.67	1.01	0.0	1.5	0.0	0.07	-0.86	0.04
7RSA	TYR-A0073_	8888.0			0.0	0.0	-0.01	1.19	2.58	-0.37	-3.8	0.0	0.23	1.41	1.23
7RSA	TYR-A0097_	8888.0			0.0	0.0	0.0	1.55	8.36	-0.37	-3.8	0.0	0.0	2.55	8.3
7RSA	CTR-A0125_	8888.0			0.0	0.0	0.0	-0.07	10.63	0.0	-10.25	0.0	0.3	0.1	0.71
9RAT	ARG+A0010_	8888.0			-0.0	-0.0	0.0	-0.87	0.99	0.0	1.5	0.0	0.39	-3.77	-1.76
9RAT	ASP-A0014_	-8888.0			-0.0	-0.01	-0.05	-0.75	3.41	-0.62	4.75	0.0	0.27	-7.76	-0.76
9RAT	TYR-A0025_	8888.0			0.0	0.0	-0.03	-1.33	7.2	-0.37	-3.8	0.0	0.46	6.59	8.72
9RAT	ARG+A0033_	8888.0			-0.01	-0.0	0.0	-1.93	1.29	0.0	1.5	0.0	0.19	-0.97	0.08
9RAT	TYR-A0073_	8888.0			0.0	-0.0	-0.0	0.94	2.51	-0.37	-3.8	0.0	0.31	3.27	2.86
9RAT	TYR-A0097_	8888.0			0.0	0.0	0.0	1.4	8.3	-0.37	-3.8	0.0	0.01	2.51	8.05
9RNT	TYR-A0011_	8888.0			0.0	0.0	-0.0	-1.37	5.71	-0.37	-3.8	0.0	0.06	7.47	7.7
9RNT	TYR-A0024_	8888.0			0.0	0.0	0.0	1.41	2.42	-0.37	-3.8	0.0	0.1	1.78	1.54
9RNT	TYR-A0042_	8888.0			0.0	0.0	-0.01	-2.75	6.18	-0.37	-3.8	0.0	0.2	6.72	6.17
9RNT	TYR-A0056_	8888.0			0.0	0.0	0.0	1.1	3.43	-0.37	-3.8	0.0	0.11	0.82	1.3
9RNT	TYR-A0057_	8888.0			0.0	0.0	-0.01	-0.24	3.27	-0.37	-3.8	0.0	0.23	6.3	5.38
9RNT	TYR-A0068_	8888.0			0.0	0.0	0.0	0.08	7.26	-0.37	-3.8	0.0	0.01	1.96	5.15
9RNT	ARG+A0077_	8888.0			-0.0	-0.01	0.0	-1.2	2.3	0.0	1.5	0.0	0.42	-9.45	-6.45
